TIME(Hrs),Hole (Nos),Depth (m),Spacing(m),Burden (m),Stemming(m),Total Drill (RMT),Explosive(kg),Volume(m3),Powder Factor(kg/m3),Av. CPH,MCPD (kg/D),PPV MON,Seis. Dist. (m),A.O.P (dBL)
17:04:00,69,11.0,3.0,3.0,3.0,850.0,3875.0,6831.0,0.57,56.52,113.0,10.5,360.0,115.8
17:36:00,30,7.5,3.2,2.8,3.0,225.0,1050.0,2016.0,0.52,35.0,35.0,2.75,315.0,101.4
17:07:00,33,4.5,3.0,3.0,2.5,148.5,469.46,1336.5,0.35,14.22,28.44,1.45,410.0,131.1
17:06:00,30,6.7,3.5,2.8,3.0,214.0,659.0,1969.8,0.33,21.66,43.33,0.992,465.0,118.3
17:07:00,21,6.7,3.8,3.0,2.5,140.0,525.0,1603.98,0.32,25.0,50.0,5.12,290.0,140.5
13:28:00,34,15.0,4.2,3.2,3.0,510.0,2800.0,6854.4,0.41,82.45,82.45,9.09,310.0,125.1
13:31:00,30,5.5,3.2,2.8,3.0,171.0,700.0,1568.0,0.45,23.33,23.33,6.86,400.0,116.0
13:30:00,44,5.6,3.0,2.5,3.0,262.0,875.0,1965.0,0.44,19.88,39.77,1.44,480.0,111.6
13:26:00,35,15.0,3.0,3.0,3.0,550.0,2750.0,4725.0,0.57,78.57,157.14,0.579,465.0,83.4
13:23:00,28,10.0,3.5,3.0,3.0,280.0,1275.0,2940.0,0.47,45.53,45.53,0.659,485.0,81.4
13:30:00,39,6.0,3.0,3.0,2.5,234.0,1025.0,1944.0,0.52,26.28,52.56,3.31,302.0,119.9
13:31:00,36,9.0,3.2,2.8,3.0,267.0,1350.0,2392.32,0.56,37.5,37.5,6.86,400.0,116.0
13:32:00,105,5.0,3.2,2.5,3.0,889.0,4333.3,7965.0,0.54,41.26,82.54,0.945,470.0,119.1
13:39:00,30,15.0,4.0,3.0,3.0,450.0,2500.0,5400.0,0.46,83.33,83.33,1.91,370.0,122.0
13:25:00,20,6.5,3.5,2.8,3.0,130.0,600.0,1274.0,0.47,30.0,60.0,12.2,280.0,119.6
13:30:00,61,8.0,4.0,3.0,3.0,488.0,2400.0,5856.0,0.41,39.34,78.68,2.29,400.0,121.5
13:29:00,40,7.8,3.0,3.0,3.5,300.0,1250.0,2610.0,0.47,31.25,62.5,2.16,380.0,112.0
13:26:00,70,9.0,4.0,2.8,2.5,420.0,2000.0,4704.0,0.42,28.57,57.14,0.881,470.0,124.3
13:38:00,30,15.0,4.0,3.0,3.0,450.0,2500.0,5400.0,0.46,83.33,83.33,0.635,480.0,120.0
13:23:00,35,4.6,3.0,3.0,2.5,175.0,575.0,1575.0,0.36,16.42,32.84,0.627,480.0,112.7
13:37:00,25,9.0,3.2,3.0,3.0,224.18,1080.0,2152.12,0.51,43.22,86.44,0.889,390.0,110.0
13:21:00,27,10.0,3.2,2.8,3.0,270.0,1375.0,2419.2,0.57,50.9,101.8,2.14,370.0,122.0
13:34:00,30,6.5,3.2,2.8,3.0,195.0,975.0,1747.2,0.56,32.5,64.6,1.52,300.0,119.0
13:24:00,25,9.0,3.2,2.8,3.0,183.75,825.0,1646.4,0.51,33.0,33.0,0.889,490.0,118.0
13:15:00,21,11.5,3.5,3.0,3.0,236.25,1250.0,2535.75,0.49,58.38,116.76,2.67,385.0,97.4
13:31:00,75,15.0,3.0,3.0,3.0,1125.0,5885.0,10125.0,0.58,78.47,156.94,2.94,430.0,115.9
13:48:00,28,8.0,3.2,3.0,3.0,224.0,1300.0,2150.4,0.6,46.43,92.86,0.532,330.0,99.5
13:35:00,16,12.13,3.2,3.0,3.0,209.0,975.0,206.4,0.49,60.94,121.88,1.83,383.0,119.1
13:30:00,33,9.13,4.0,3.0,3.0,510.0,2250.0,4212.0,0.53,68.18,136.36,4.34,430.0,125.3
13:48:00,24,7.5,3.2,3.0,3.0,180.0,925.0,1728.0,0.54,38.54,77.08,1.15,410.0,123.3
13:44:00,32,15.0,3.1,3.5,3.0,480.0,3075.0,5208.0,0.59,96.1,192.2,0.611,391.0,93.3
13:16:00,39,8.5,3.5,3.0,3.0,331.0,1750.0,3480.0,0.5,44.87,89.74,1.09,490.0,116.9
13:13:00,24,6.0,3.0,3.0,3.0,144.0,600.0,1296.0,0.46,25.0,50.0,1.61,350.0,124.2
13:17:00,58,7.0,4.0,3.0,3.0,406.0,2075.0,4872.0,0.42,35.77,71.55,1.6,460.0,125.2
13:43:00,30,15.0,3.5,3.2,3.0,450.0,2650.0,5040.0,0.53,88.33,176.66,1.64,385.0,99.4
13:45:00,43,7.5,3.2,3.0,3.0,322.0,1700.0,3096.0,0.59,42.5,42.5,1.47,340.0,112.9
13:00:00,32,15.0,4.2,3.2,3.0,480.0,2800.0,6451.0,0.43,87.5,87.5,4.39,410.0,78.7
13:13:00,48,4.7,3.5,3.0,3.0,264.0,1000.0,2772.0,0.36,20.83,41.66,2.88,410.0,93.6
13:12:00,33,7.0,3.0,3.0,3.0,231.0,900.0,2079.0,0.43,27.27,27.27,1.55,380.0,90.1
13:24:00,32,8.0,3.0,3.0,3.5,256.0,1325.0,2304.0,0.57,41.4,41.4,5.2,310.0,99.4
13:25:00,40,6.5,3.2,2.8,3.0,250.0,1050.0,2329.0,0.45,26.25,52.5,4.5,320.0,97.8
13:26:00,22,15.0,3.5,3.2,3.0,330.0,2125.0,3696.0,0.57,96.59,193.18,4.29,370.0,118.1
13:28:00,77,6.8,3.2,2.8,3.0,566.0,2150.0,5071.0,0.42,27.92,27.92,4.91,380.0,107.5
13:39:00,54,15.0,3.5,3.2,3.0,810.0,4625.0,9072.0,0.5,85.64,85.64,1.17,540.0,127.3
13:43:00,28,6.0,3.2,2.8,3.0,168.0,800.0,1505.0,0.53,28.6,28.6,1.4,340.0,100.0
13:43:00,37,7.5,3.2,3.0,3.0,277.0,1250.0,2664.0,0.47,33.8,33.8,1.4,340.0,100.0
13:18:00,30,10.0,3.5,3.0,3.5,300.0,1350.0,3150.0,0.42,45.0,45.0,2.75,365.0,119.8
13:35:00,114,8.0,3.5,3.0,3.0,912.0,3625.0,9576.0,0.37,31.79,63.58,1.31,480.0,125.3
13:45:00,40,4.0,4.0,3.0,2.5,400.0,550.0,1920.0,0.28,13.75,13.75,0.635,230.0,114.0
13:45:00,21,6.0,3.0,2.5,3.0,126.0,350.0,945.0,0.37,16.67,33.34,4.32,410.0,118.0
13:20:00,65,6.0,3.5,3.0,3.0,390.0,1675.0,4095.0,0.4,25.76,51.92,0.754,440.0,120.7
13:48:00,35,3.6,3.2,2.8,3.0,182.0,550.0,1631.0,0.34,15.7,31.4,3.81,295.0,119.0
13:22:00,34,9.0,3.0,3.0,2.5,170.0,400.0,1530.0,0.26,11.42,11.42,2.07,360.0,119.1
13:28:00,37,15.0,4.0,3.0,3.0,555.0,2800.0,6660.0,0.42,75.67,75.67,3.68,390.0,114.0
13:29:00,24,15.0,4.0,3.0,3.0,360.0,1725.0,4320.0,0.39,71.87,71.87,4.83,290.0,114.0
13:36:00,22,6.0,3.2,2.8,3.0,132.0,500.0,1183.0,0.42,22.72,45.26,1.65,405.0,119.0
13:30:00,38,6.0,3.2,2.8,3.0,228.0,1000.0,2043.0,0.49,26.32,26.23,2.03,310.0,117.0
13:35:00,39,6.0,3.2,2.8,3.0,234.0,800.0,2097.0,0.4,20.5,42.0,2.67,280.0,112.0
13:30:00,39,12.15,3.5,3.2,3.0,556.0,2625.0,6227.2,0.42,67.31,134.62,0.611,450.0,106.3
13:25:00,22,13.0,4.0,3.0,3.0,299.0,1500.0,3432.0,0.43,68.18,136.36,1.21,420.0,124.5
13:28:00,24,7.5,3.0,3.0,3.0,180.0,505.56,1620.0,0.31,21.06,42.12,0.532,432.0,112.4
13:22:00,42,15.0,4.2,3.2,3.0,630.0,3625.0,8467.0,0.42,86.3,172.6,3.41,410.0,122.7
13:22:00,53,15.0,4.2,3.2,3.0,795.0,4500.0,10684.0,0.42,84.9,169.81,3.41,420.0,122.7
13:14:00,19,10.0,3.0,3.0,3.0,190.0,825.0,1710.0,0.48,43.42,43.42,1.44,390.0,125.7
13:20:00,61,8.5,4.0,3.0,3.0,518.5,3125.0,61222.0,0.5,51.22,102.4,1.61,420.0,124.4
13:13:00,31,5.5,4.0,3.0,2.5,170.0,775.0,2046.0,0.37,25.0,50.0,1.4,390.0,117.0
13:14:00,14,4.0,3.0,2.5,2.5,56.0,100.0,420.0,0.24,7.14,7.14,0.889,330.0,100.0
13:12:00,20,9.0,3.0,2.8,3.0,108.0,425.0,907.2,0.47,21.25,21.25,2.79,320.0,110.0
13:16:00,20,15.0,3.5,3.2,3.0,300.0,1950.0,3360.0,0.58,97.5,97.5,1.55,480.0,129.8
13:23:00,24,5.0,3.0,3.0,3.0,120.0,400.0,1080.0,0.37,16.66,16.66,0.643,380.0,87.1
13:22:00,12,3.4,3.0,3.0,2.5,42.0,100.0,378.0,0.26,8.33,8.33,1.91,340.0,110.5
13:21:00,27,9.0,3.0,3.0,3.0,243.0,1000.0,2187.0,0.45,37.03,37.03,2.73,350.0,123.0
13:20:00,37,15.0,4.2,3.2,3.0,555.0,3250.0,7500.0,0.43,87.83,175.67,0.88,340.0,117.0
13:27:00,40,15.0,3.5,3.2,3.0,600.0,3300.0,6720.0,0.49,82.5,82.5,2.63,410.0,118.1
13:25:00,32,7.0,3.2,2.8,3.0,240.0,1000.0,2150.0,0.47,31.25,31.25,0.754,390.0,87.7
13:26:00,50,5.6,3.2,2.8,3.0,275.0,1350.0,2464.0,0.55,27.0,27.0,1.96,350.0,114.7
17:16:00,100,9.0,3.5,2.8,2.8,485.0,1750.0,4704.0,0.37,17.5,35.0,9.33,80.0,118.9
13:30:00,34,4.0,3.3,2.6,2.5,136.0,425.0,1166.8,0.36,12.5,12.5,2.52,110.0,119.0
13:32:00,33,4.0,3.3,2.6,2.5,132.0,425.0,1132.5,0.37,12.8,12.8,4.06,110.0,124.7
13:25:00,35,5.0,3.0,3.0,3.0,175.0,700.0,1575.0,0.44,20.0,40.0,6.07,80.0,123.6
13:12:00,30,4.5,3.0,3.0,2.8,150.0,500.0,1350.0,0.37,16.66,33.32,1.5,290.0,121.8
13:19:00,20,10.0,3.0,3.0,3.0,200.0,850.0,1800.0,0.47,42.5,42.5,1.2,340.0,117.1
13:24:00,61,6.0,3.2,2.8,3.0,366.0,1525.0,3279.6,0.47,25.0,50.0,0.754,390.0,110.6
13:22:00,36,6.0,3.2,2.8,3.0,216.0,875.0,193.36,0.45,24.31,48.62,1.56,290.0,120.0
13:26:00,29,15.0,3.5,3.0,3.0,435.0,2300.0,4567.5,0.5,79.31,158.63,3.41,310.0,124.0
13:45:00,73,5.6,4.0,3.0,2.5,423.0,2025.0,5080.0,0.39,27.73,55.47,0.849,490.0,120.2
13:12:00,61,6.7,3.0,3.0,3.0,405.0,2000.0,3645.0,0.54,32.78,65.57,2.71,390.0,90.1
13:24:00,36,9.0,3.3,2.6,2.8,162.0,450.0,1390.0,0.32,12.5,12.5,1.32,410.0,119.0
13:15:00,36,15.0,3.5,3.2,3.0,540.0,3000.0,6048.0,0.49,83.33,83.33,9.42,330.0,118.4
13:46:00,34,9.0,4.0,3.0,2.8,180.2,700.0,2162.4,0.32,20.58,41.17,0.579,420.0,133.1
13:30:00,53,9.11,3.0,2.8,3.0,480.5,2275.0,4032.0,0.56,42.92,85.84,0.849,390.0,138.5
13:21:00,35,9.0,3.0,3.0,2.8,175.0,575.0,1575.0,0.36,16.42,16.42,1.18,280.0,129.6
13:15:00,27,7.0,3.0,3.0,3.0,189.0,1000.0,1701.0,0.58,37.03,37.03,1.94,340.0,123.7
13:36:00,22,15.0,4.0,3.0,3.0,327.0,1750.0,3960.0,0.44,79.54,159.0,2.16,360.0,121.0
13:47:00,22,15.0,3.5,3.2,3.0,330.0,1800.0,3696.0,0.49,81.82,163.64,0.762,380.0,110.0
13:40:00,42,6.7,3.2,2.8,3.0,261.0,1150.0,2338.0,0.49,27.38,54.76,4.83,391.0,123.0
13:48:00,30,5.6,3.2,2.8,3.0,180.0,675.0,1612.8,0.42,22.5,45.0,1.91,395.0,117.0
13:33:00,28,10.0,4.0,3.0,3.0,280.0,1325.0,3360.0,0.39,47.32,94.64,2.92,370.0,112.0
13:10:00,26,7.0,3.0,3.0,3.0,182.0,875.0,1638.0,0.53,33.65,67.3,1.2,380.0,123.0
13:13:00,30,9.0,3.0,3.0,2.5,120.0,400.0,1080.0,0.37,13.33,26.66,0.91,280.0,119.8
13:20:00,32,6.7,3.2,2.8,3.0,205.0,875.0,1843.0,0.48,27.0,54.0,2.41,370.0,117.8
13:18:00,31,4.0,3.2,2.8,2.5,124.0,425.0,1111.04,0.4,13.71,27.42,1.27,230.0,114.0
13:29:00,26,15.0,3.5,3.2,3.0,390.0,2300.0,4368.0,0.53,88.46,176.92,1.52,320.0,121.0
13:18:00,36,7.9,3.2,2.8,3.0,316.0,1550.0,2831.4,0.55,43.06,86.12,1.14,390.0,100.0
13:24:00,22,9.0,3.8,3.0,3.0,248.81,1450.0,2843.0,0.51,65.9,131.81,1.4,360.0,122.0
13:23:00,40,6.7,3.2,2.8,3.0,280.0,1425.0,2508.8,0.57,35.62,71.24,1.78,370.0,110.0
13:36:00,41,15.0,3.5,3.2,3.0,615.0,3550.0,6888.0,0.52,86.59,86.59,1.65,410.0,123.0
13:16:00,24,7.0,3.0,3.0,3.0,168.0,800.0,1512.0,0.52,33.36,33.36,1.39,380.0,124.1
13:15:00,30,7.0,3.0,3.0,3.0,210.0,1000.0,1890.0,0.52,33.36,33.36,2.8,340.0,117.0
13:10:00,19,12.0,3.5,3.0,3.0,216.0,1125.0,2268.0,0.49,59.21,118.4,1.02,380.0,116.0
13:32:00,67,9.0,3.0,3.0,2.5,335.0,783.0,3015.0,0.25,11.68,23.37,0.759,230.0,112.8
13:34:00,24,5.0,3.0,3.0,2.5,120.0,525.0,1440.0,0.36,21.8,21.8,2.41,370.0,117.8
13:21:00,33,6.0,3.2,2.8,3.0,198.0,750.0,1774.0,0.42,22.73,45.56,2.92,310.0,112.0
13:23:00,26,15.0,3.5,3.2,3.0,390.0,2000.0,4368.0,0.46,76.92,153.84,1.91,370.0,123.0
13:21:00,30,15.0,4.0,3.0,3.0,450.0,2350.0,5400.0,0.43,78.33,156.66,3.5,280.0,119.0
13:14:00,38,15.0,4.0,3.0,3.0,570.0,3375.0,6840.0,0.49,88.81,177.63,0.889,380.0,100.0
13:07:00,31,4.5,3.0,3.0,2.5,142.0,550.0,1278.0,0.43,17.74,35.48,2.9,380.0,110.0
13:10:00,25,9.0,3.5,3.0,3.0,157.0,525.0,1648.5,0.31,21.0,42.0,1.42,380.0,85.1
13:03:00,24,6.0,3.5,3.0,3.0,144.0,675.0,1512.0,0.44,28.12,28.12,1.28,370.0,113.8
13:53:00,31,7.11,3.5,3.0,3.0,259.0,1325.0,2719.5,0.48,42.74,85.48,2.28,365.0,83.4
13:09:00,51,5.8,3.2,2.8,3.0,368.0,1300.0,3297.3,0.4,25.5,51.0,1.39,410.0,125.7
13:08:00,105,9.0,4.0,3.0,3.0,840.0,4375.0,1080.0,0.43,41.66,83.33,1.64,400.0,123.7
13:10:00,25,4.0,3.0,3.0,2.5,100.0,375.0,900.0,0.41,15.0,30.0,1.39,370.0,120.4
13:07:00,27,7.0,3.0,3.0,3.0,189.0,900.0,1701.0,0.52,33.33,33.33,1.93,365.0,125.1
13:07:00,30,7.0,3.0,3.0,3.0,210.0,1000.0,1890.0,0.52,33.33,33.33,1.93,365.0,125.1
13:27:00,21,15.0,4.0,3.0,3.0,315.0,1825.0,3780.0,0.48,86.9,173.8,0.0397,280.0,127.5
13:11:00,32,8.0,3.2,2.8,3.0,336.0,1550.0,3010.6,0.51,36.9,36.9,3.05,250.0,100.0
13:00:00,45,9.0,4.0,3.0,3.0,258.0,1300.0,3102.0,0.41,37.53,75.06,10.8,200.0,129.0
13:18:00,40,15.0,4.0,3.0,3.0,600.0,3200.0,7200.0,0.44,80.0,160.0,4.83,370.0,110.0
13:04:00,21,9.0,3.0,3.0,2.5,88.2,350.0,793.8,0.44,16.66,16.6,3.05,280.0,123.0
13:25:00,9,9.0,3.2,2.8,3.0,81.0,200.0,725.76,0.3,22.22,22.22,2.41,370.0,117.8
13:20:00,41,5.6,3.8,2.8,3.0,225.5,1000.0,2400.0,0.41,24.39,48.78,2.26,430.0,96.6
13:15:00,40,4.6,3.4,2.7,2.8,179.9,675.0,1652.0,0.4,16.47,33.75,1.18,350.0,113.9
13:30:00,20,3.0,3.0,2.5,2.0,60.0,225.0,450.0,0.5,11.25,22.5,0.88,370.0,100.0
13:05:00,24,7.0,3.0,3.0,3.0,160.0,800.0,1512.0,0.52,33.33,33.33,4.33,320.0,126.5
13:10:00,27,7.0,3.0,3.0,3.0,210.0,825.0,1890.0,0.43,30.55,30.55,1.21,380.0,106.0
13:40:00,19,15.0,3.5,3.0,3.0,285.0,1700.0,2992.0,0.56,83.44,178.9,2.03,380.0,110.0
14:00:00,31,15.0,4.3,3.5,3.0,465.0,2925.0,6998.25,0.36,94.35,94.35,4.77,398.0,137.8
13:59:00,29,15.0,3.5,3.1,3.0,435.0,3025.0,4585.0,0.65,104.3,208.6,2.1,450.0,131.0
17:43:00,30,9.0,2.5,2.5,3.0,135.6,355.56,847.5,0.41,11.8,23.7,4.85,316.0,114.5
17:45:00,60,9.0,3.2,3.0,3.0,460.0,2200.0,4424.0,0.5,36.6,73.2,1.9,590.0,118.5
17:46:00,25,4.0,3.0,2.5,2.5,100.0,350.0,750.0,0.47,14.0,28.0,0.516,570.0,124.1
13:30:00,28,7.0,3.0,3.0,3.0,196.0,1000.0,1764.0,0.56,35.71,71.42,6.93,268.0,121.2
13:30:00,34,9.0,3.0,2.6,3.0,164.9,425.0,1286.2,0.33,12.5,12.5,2.41,370.0,117.8
13:50:00,23,6.0,3.0,2.5,3.0,138.0,575.0,1035.0,0.55,25.0,50.0,0.897,615.0,107.6
13:13:00,36,6.7,3.0,3.0,3.0,233.0,1075.0,2097.0,0.51,29.86,29.86,6.41,373.0,119.7
17:15:00,30,9.0,4.0,3.0,3.0,193.0,925.0,2316.0,0.39,30.83,61.66,3.5,300.0,120.5
13:34:00,19,5.7,3.0,2.5,3.0,114.0,516.68,867.0,0.59,27.19,54.38,8.34,360.0,118.3
13:15:00,22,15.0,4.0,3.0,3.0,330.0,1825.0,3960.0,0.46,82.95,82.95,6.66,162.0,119.2
13:09:00,56,9.0,3.0,2.5,3.0,493.5,1975.0,3296.25,0.59,35.26,70.53,5.09,530.0,121.7
13:15:00,23,9.0,3.0,2.5,3.0,206.0,1025.0,1545.0,0.66,44.56,89.12,0.706,606.0,86.5
13:20:00,52,9.0,3.2,2.8,3.0,360.0,1625.0,3232.1,0.5,31.25,31.25,0.897,522.0,116.5
13:17:00,36,9.0,3.5,3.0,3.0,157.9,525.0,1658.0,0.31,14.58,29.16,4.52,311.0,126.7
13:15:00,34,14.15,3.5,3.0,3.0,493.0,2700.0,5145.0,0.52,79.4,158.8,2.41,370.0,117.8
13:22:00,37,9.0,4.2,3.2,3.0,531.6,3536.12,7144.7,0.49,95.57,191.14,2.96,482.0,135.4
13:49:00,23,15.0,3.2,3.0,3.0,345.0,2000.0,3312.0,0.6,86.96,86.96,0.722,584.0,127.8
13:35:00,58,9.0,3.5,2.8,3.0,209.4,702.78,2052.12,0.34,12.11,24.23,0.722,380.0,116.9
14:00:00,35,9.0,3.5,2.8,3.0,164.2,722.24,1609.16,0.44,20.63,41.27,0.691,496.0,126.1
17:24:00,72,9.0,3.2,2.8,3.0,663.0,3025.0,5940.5,0.51,42.01,84.02,1.8,562.0,122.1
17:21:00,61,15.0,3.5,3.1,3.0,915.0,4925.0,9928.0,0.5,80.74,80.74,0.055,524.0,120.2
13:15:00,55,15.0,3.0,3.0,3.0,825.0,4600.0,7425.0,0.61,83.63,167.27,5.47,644.0,126.1
13:17:00,26,3.4,3.0,3.0,3.0,106.0,191.82,954.0,0.2,7.37,7.37,2.29,251.0,111.5
13:30:00,37,5.6,3.0,3.0,3.0,214.8,1000.0,1933.2,0.52,27.03,24.06,4.18,679.0,120.6
13:30:00,10,12.14,4.0,3.5,3.0,138.0,850.0,1932.0,0.44,85.0,117.0,4.18,679.0,120.6
13:25:00,60,11.12,3.0,3.0,3.0,690.0,3600.0,6210.0,0.57,60.0,120.0,1.23,578.0,104.9
13:28:00,25,3.5,3.0,2.5,3.0,87.5,125.0,656.25,0.19,5.56,11.12,1.79,584.0,86.5
13:29:00,56,15.0,4.2,3.2,3.0,840.0,5116.0,11289.0,0.45,91.36,182.73,13.6,521.0,135.4
13:23:00,39,9.0,3.0,3.0,3.0,217.0,950.0,1953.0,0.48,24.35,24.35,4.14,426.0,118.6
13:35:00,40,4.5,2.5,2.5,3.0,180.0,500.0,1125.0,0.44,12.5,25.0,1.42,546.0,120.4
13:36:00,26,6.0,3.0,3.0,3.0,156.0,686.12,1404.48,0.48,26.38,26.38,0.643,520.0,118.6
13:40:00,32,9.0,2.5,2.5,3.0,215.16,850.0,1344.75,0.63,26.56,26.56,1.14,486.0,111.6
13:42:00,62,9.0,3.5,2.8,2.0,250.2,1005.0,2451.96,0.41,16.21,32.43,2.41,370.0,117.8
13:25:00,99,6.0,3.0,3.0,3.0,594.0,2525.0,5346.0,0.47,25.5,51.0,0.913,730.0,114.0
13:30:00,35,12.15,4.2,3.2,3.0,472.0,3025.0,6350.0,0.47,86.42,172.85,2.41,370.0,117.8
13:13:00,43,9.0,3.2,2.8,3.0,291.54,1200.0,2612.2,0.46,27.9,27.9,0.627,490.0,108.0
13:20:00,30,6.0,3.0,3.0,3.0,180.0,750.0,1620.0,0.46,25.0,25.0,2.41,340.0,117.8
13:56:00,30,5.6,3.0,2.5,3.0,170.0,533.76,1275.0,0.41,17.79,17.79,1.17,470.0,115.8
17:21:00,94,15.0,4.0,3.2,3.0,1410.0,8200.0,18048.0,0.45,87.23,174.46,8.37,300.0,140.5
17:15:00,53,6.8,4.0,3.0,3.0,388.0,1950.0,4656.0,0.41,36.79,73.58,5.23,280.0,126.3
13:14:00,30,9.0,3.0,3.0,3.0,267.0,1375.0,2403.0,0.57,45.83,45.83,2.06,310.0,112.8
13:49:00,18,10.5,3.0,3.0,3.0,189.0,975.0,1701.0,0.57,54.21,108.42,0.722,480.0,85.5
13:17:00,42,9.0,3.0,3.0,3.5,421.0,2050.0,3182.0,0.64,48.8,97.6,4.48,280.0,123.4
13:50:00,24,12.13,3.5,3.0,3.0,309.0,1800.0,3244.5,0.55,75.0,150.0,1.15,365.0,115.4
13:20:00,18,3.0,3.0,2.5,2.5,54.0,75.0,405.0,0.31,7.0,7.0,0.516,330.0,116.4
13:20:00,28,3.0,3.0,2.5,2.5,78.0,150.0,585.0,0.26,5.8,5.8,0.516,305.0,116.4
13:55:00,59,14.15,3.5,3.0,3.0,873.17,5025.0,9168.28,0.54,85.16,85.16,1.26,270.0,115.0
13:50:00,54,15.0,4.2,3.2,3.0,810.0,6000.0,10886.4,0.55,111.11,122.22,3.45,340.0,122.0
13:20:00,45,9.0,3.0,2.8,3.0,331.0,2575.0,4650.0,0.55,57.22,114.44,2.41,370.0,117.8
13:10:00,28,12.0,3.5,3.0,3.0,432.0,3528.0,3528.0,0.49,62.5,125.0,1.23,390.0,126.0
13:10:00,34,5.6,3.0,3.0,3.0,156.0,666.0,1404.0,0.47,19.6,19.6,2.04,255.0,125.0
13:19:00,94,6.0,3.0,3.0,3.0,564.0,2450.0,5076.0,0.48,26.06,26.06,1.02,410.0,114.7
13:48:00,32,9.0,3.5,3.0,3.0,297.6,1800.0,3124.8,0.57,56.25,112.5,0.669,365.0,117.1
13:22:00,30,15.0,3.5,3.2,3.0,450.0,2775.0,5040.0,0.55,92.5,92.5,0.992,420.0,127.7
13:40:00,51,15.0,3.5,3.2,3.0,765.0,4700.0,8568.0,0.55,92.16,92.16,0.135,460.0,130.9
13:33:00,44,5.6,3.2,2.8,3.0,174.0,800.0,1559.0,0.56,18.18,36.36,0.135,460.0,130.9
13:20:00,22,13.0,3.0,3.0,3.5,286.0,1150.0,2574.0,0.44,52.27,104.54,2.41,370.0,117.8
13:10:00,30,8.1,3.0,3.0,3.3,274.0,1069.0,2466.0,0.43,42.66,85.32,0.699,370.0,84.3
13:28:00,23,4.5,3.0,3.0,3.0,108.0,325.0,972.0,0.33,14.13,14.13,0.818,295.0,93.6
13:33:00,30,12.0,4.2,3.2,3.0,360.0,1650.0,4838.4,0.34,55.0,110.0,2.18,370.0,90.9
13:30:00,28,2.6,3.0,2.5,1.8,111.5,341.68,836.25,0.41,12.2,24.4,0.738,290.0,109.9
13:15:00,68,9.0,3.2,3.0,3.0,532.0,2150.0,5107.2,0.42,31.61,55.61,0.738,430.0,131.4
13:11:00,63,7.8,3.8,3.0,3.0,471.0,1775.0,5369.0,0.33,28.17,56.34,1.14,360.0,124.4
13:13:00,29,11.13,4.2,3.2,3.0,316.0,1650.0,4247.0,0.38,56.89,56.89,1.15,270.0,126.1
13:13:00,41,12.13,4.0,3.5,3.0,517.0,3000.0,7238.0,0.41,73.17,146.34,1.15,365.0,126.1
13:09:00,31,5.0,3.0,3.0,2.5,155.0,575.0,1395.0,0.41,18.54,18.54,2.29,265.0,110.2
13:11:00,34,8.0,3.0,3.0,3.0,272.0,1408.32,2448.0,0.57,41.42,41.42,1.9,270.0,113.2
13:29:00,63,6.5,3.2,2.8,3.0,409.5,1725.0,3669.12,0.47,27.38,27.38,0.714,415.0,125.0
13:16:00,28,12.0,4.2,3.2,3.0,336.0,2250.0,4515.84,0.49,80.35,160.71,0.714,434.0,126.2
13:10:00,34,5.0,3.0,3.0,3.0,170.0,567.12,1530.0,0.37,16.68,33.36,0.945,278.0,115.0
13:08:00,20,7.0,3.0,3.0,3.0,140.0,667.2,1260.0,0.52,33.36,66.72,0.706,285.0,113.1
13:46:00,30,10.0,3.5,3.0,3.0,300.0,1600.0,3150.0,0.51,53.33,53.33,2.15,315.0,119.6
13:45:00,49,9.0,3.2,2.8,3.0,408.0,1200.0,2634.24,0.45,24.49,24.49,1.26,385.0,112.2
13:42:00,34,6.0,3.0,3.0,3.0,204.0,950.0,1836.0,0.51,27.94,27.94,2.06,235.0,106.0
13:15:00,34,5.6,3.0,3.0,3.0,182.0,658.32,1638.0,0.41,19.36,19.36,1.55,310.0,113.7
13:22:00,33,6.7,3.5,2.8,3.0,469.5,950.0,2263.0,0.41,28.78,28.78,0.897,260.0,94.1
13:44:00,53,12.0,3.0,3.0,3.0,636.0,3050.0,5724.0,0.53,57.54,115.09,2.36,287.0,112.6
13:10:00,31,6.0,3.5,3.0,3.0,180.0,775.0,1890.0,0.41,25.0,50.0,1.65,430.0,114.0
13:10:00,73,9.0,4.0,3.0,3.0,598.6,3750.0,7183.0,0.52,51.36,102.73,1.9,370.0,101.7
13:10:00,36,9.0,3.4,2.7,2.5,151.0,500.0,1388.01,0.39,13.88,13.88,1.26,410.0,120.1
13:10:00,36,4.0,3.0,3.0,2.5,144.0,625.0,1296.0,0.48,17.36,17.36,2.04,250.0,97.4
13:10:00,34,5.0,3.0,3.0,2.5,170.0,750.0,1530.0,0.49,22.05,22.05,4.48,310.0,122.0
13:10:00,24,7.0,3.0,3.0,3.0,168.0,800.0,1512.0,0.52,33.33,33.33,4.48,310.0,122.0
13:25:00,58,9.0,3.0,3.0,3.0,356.0,1850.0,3115.0,0.59,31.89,63.79,2.75,390.0,107.6
13:30:00,33,15.0,3.5,3.2,3.0,495.0,3350.0,5544.0,0.6,101.5,203.0,3.56,380.0,110.0
13:13:00,40,6.0,3.2,2.8,3.0,240.0,900.0,2150.4,0.42,22.5,45.0,3.56,350.0,110.0
13:26:00,50,10.0,3.5,3.0,3.0,500.0,2250.0,5250.0,0.42,45.1,90.2,1.47,510.0,107.8
13:10:00,30,9.0,4.0,3.0,3.0,188.5,1125.0,2262.0,0.49,85.53,173.07,1.52,310.0,117.0
13:07:00,21,4.0,3.0,3.0,2.5,84.0,300.0,756.0,0.39,14.28,28.56,1.09,400.0,113.8
13:25:00,15,6.0,3.2,2.8,3.0,90.0,375.0,806.4,0.47,25.0,50.0,0.88,390.0,126.4
13:04:00,11,4.0,3.0,3.0,2.5,44.0,175.0,396.0,0.44,15.9,15.9,1.45,340.0,120.6
13:06:00,31,7.0,3.0,3.0,3.0,217.0,1075.0,1953.0,0.55,34.67,34.67,1.45,330.0,120.6
13:28:00,51,7.8,3.2,2.8,3.0,382.48,1725.0,3427.0,0.5,33.8,67.6,1.8,220.0,101.7
13:10:00,28,9.0,4.0,3.0,3.0,215.6,1275.0,2587.2,0.41,45.53,91.01,1.39,430.0,117.6
13:10:00,87,3.5,3.5,2.7,2.5,348.0,1100.0,3288.6,0.33,12.64,25.28,1.39,450.0,117.6
13:20:00,25,15.0,3.5,3.0,3.0,375.0,1750.0,3937.5,0.44,70.0,140.0,0.76,390.0,100.0
13:24:00,30,12.0,3.2,2.8,3.0,360.0,1950.0,3225.6,0.6,65.0,130.0,2.16,365.0,123.0
13:20:00,63,3.5,2.8,2.6,2.5,220.5,350.0,1605.24,0.22,5.56,11.12,2.29,370.0,121.0
13:08:00,25,7.0,3.0,3.0,3.0,210.0,900.0,4575.0,0.57,36.0,36.0,3.29,310.0,120.9
13:08:00,30,4.5,3.0,3.0,2.5,120.0,425.0,1080.0,0.39,14.16,28.32,4.36,250.0,120.24
13:14:00,71,15.6,3.0,3.0,3.0,714.0,3750.0,6426.0,0.58,52.81,105.62,1.6,470.0,127.9
13:09:00,15,8.0,3.5,3.0,3.0,136.0,625.0,1260.0,0.49,41.66,83.4,1.02,320.0,123.0
13:13:00,28,4.0,3.0,3.0,3.0,112.0,350.0,954.0,0.36,12.5,25.0,1.9,340.0,118.9
13:15:00,40,8.1,3.0,3.0,3.0,370.0,2000.0,3330.0,0.6,50.0,100.0,1.1,410.0,120.0
13:21:00,26,6.11,3.2,2.8,3.0,233.5,1150.0,2092.16,0.55,44.23,44.23,1.52,420.0,110.0
13:16:00,8,15.0,3.5,3.0,3.0,300.0,650.0,1260.0,0.51,81.25,162.5,1.02,350.0,123.0
13:01:00,24,7.0,3.0,3.0,3.0,168.0,800.0,1512.0,0.52,33.33,33.33,1.7,420.0,92.7
13:24:00,36,8.0,4.0,3.0,3.0,288.0,1325.0,2456.0,0.38,36.8,73.11,1.4,370.0,116.0
13:37:00,65,9.0,3.0,3.0,3.0,496.0,2675.0,4469.0,0.59,41.15,82.3,1.02,245.0,121.0
13:55:00,15,5.0,3.0,3.0,3.0,75.0,150.0,675.0,0.22,10.0,20.0,0.63,384.0,129.0
13:50:00,30,9.0,3.2,2.8,3.0,300.0,1750.0,2688.0,0.65,58.33,58.33,1.91,370.0,112.0
13:39:00,70,15.0,3.5,3.2,2.5,1050.0,6150.0,11760.0,0.52,87.86,87.86,3.18,380.0,116.0
13:38:00,26,4.5,3.0,3.0,2.5,117.0,325.0,1053.0,0.3,12.5,25.0,2.16,290.0,112.0
13:10:00,37,8.0,3.0,3.0,3.5,296.0,1450.0,2664.0,0.54,38.92,77.84,0.7,510.0,117.5
13:03:00,20,5.0,3.0,3.0,3.5,100.0,350.0,900.0,0.38,17.5,17.5,0.8,370.0,117.2
13:21:00,48,11.0,4.0,3.0,3.0,528.0,3000.0,6336.0,0.47,62.5,125.0,1.65,360.0,112.0
13:13:00,28,10.0,3.5,3.0,3.0,280.0,1425.0,2940.0,0.48,50.89,101.78,2.41,360.0,123.0
17:12:00,32,9.0,3.5,3.0,3.5,297.0,1525.0,3024.0,0.5,47.65,95.31,1.4,360.0,110.0
17:18:00,40,6.0,3.2,2.8,3.0,240.0,1125.0,2150.4,0.52,28.13,28.13,1.27,340.0,128.0
17:21:00,20,6.0,3.5,3.0,3.0,120.0,500.0,1260.0,0.39,25.0,25.0,5.36,280.0,119.5
17:03:00,31,7.0,3.5,3.0,3.0,217.0,1100.0,2278.0,0.48,35.48,35.48,5.36,310.0,119.5
17:05:00,52,3.5,3.0,3.0,2.0,182.0,515.0,1638.0,0.35,11.05,22.1,0.67,400.0,113.7
13:03:00,75,12.13,2.8,3.0,3.0,926.0,4600.0,7778.4,0.59,61.33,122.66,1.96,540.0,119.7
13:33:00,77,9.0,3.5,3.0,3.0,1095.0,4125.0,11497.5,0.36,53.57,53.57,0.77,490.0,129.4
13:14:00,43,9.0,3.0,3.0,3.0,460.0,125.0,4140.0,0.51,49.41,98.83,0.516,550.0,112.9
13:12:00,45,4.0,3.0,3.0,2.5,180.0,500.0,1620.0,0.3,11.11,22.22,1.82,450.0,85.8
13:20:00,17,5.5,2.5,3.0,2.5,93.5,425.0,981.75,0.43,25.0,30.0,2.41,380.0,117.8
13:59:00,280,12.0,4.0,3.0,3.0,3360.0,19000.0,40320.0,0.47,67.85,135.7,4.6,740.0,99.8
13:19:00,37,4.5,3.5,3.0,2.5,173.9,500.0,1748.0,0.28,13.51,27.02,3.83,280.0,118.2
13:20:00,38,4.5,3.5,3.0,3.0,171.0,500.0,1795.0,0.27,13.15,26.31,1.94,240.0,130.2
13:06:00,37,5.5,3.0,3.0,2.5,203.0,875.0,1831.5,0.47,23.64,47.29,2.41,480.0,117.8
13:07:00,45,8.0,3.0,3.0,3.0,360.0,2000.0,3240.0,0.61,44.44,88.88,1.52,390.0,90.9
13:10:00,170,9.0,3.5,3.0,3.0,1482.0,8552.76,15561.0,0.55,50.31,50.31,1.56,450.0,124.9
13:10:00,97,6.0,3.2,2.8,3.0,582.0,2150.0,5214.72,0.41,22.16,44.32,1.28,380.0,103.9
13:13:00,60,9.0,3.5,3.0,3.0,360.0,2425.0,5670.0,0.42,40.41,80.83,3.87,410.0,124.2
13:14:00,36,8.0,3.5,3.0,3.0,288.0,1500.0,3024.0,0.49,41.66,41.44,9.39,220.0,125.4
13:16:00,25,8.0,3.5,3.0,3.0,200.0,825.0,2100.0,0.39,33.0,33.0,9.09,210.0,119.8
13:16:00,40,4.5,3.0,3.0,2.5,180.0,500.0,1620.0,0.3,12.5,12.5,14.8,220.0,119.7
13:13:00,42,9.0,3.0,3.0,2.5,176.6,300.0,1323.0,0.15,7.14,14.28,3.6,250.0,117.8
13:10:00,40,4.0,3.0,3.0,2.5,160.0,625.0,1400.0,0.43,15.62,31.25,7.85,260.0,130.8
13:03:00,28,9.0,3.3,2.8,2.5,140.0,625.0,1293.6,0.48,22.32,22.32,3.36,310.0,120.1
17:26:00,62,9.0,3.2,3.0,3.0,785.0,5275.0,7536.0,0.68,83.47,83.47,1.14,370.0,121.2
13:02:00,49,9.0,3.0,3.0,3.0,295.0,1075.0,2655.0,0.4,21.93,43.87,1.9,390.0,115.6
13:10:00,44,15.0,4.3,3.2,3.0,660.0,4125.0,9081.6,0.45,93.74,187.5,2.23,430.0,115.9
13:12:00,43,5.0,3.0,3.0,2.5,215.0,875.0,1935.0,0.45,20.34,20.34,2.36,360.0,99.2
13:13:00,36,15.0,3.5,3.0,3.0,540.0,3500.0,5670.0,0.62,97.22,97.22,0.929,440.0,114.9
13:33:00,75,8.0,3.2,2.8,3.0,600.0,2400.0,5376.0,0.45,32.0,32.0,3.5,360.0,120.0
13:13:00,9,8.0,1.25,1.0,2.5,72.0,100.0,90.0,1.11,11.11,22.22,3.15,400.0,120.0
13:22:00,36,15.0,3.0,3.0,3.0,540.0,3000.0,4860.0,0.61,83.4,166.8,1.87,390.0,87.7
13:18:00,33,6.0,3.0,3.0,3.0,198.0,450.0,1782.0,0.25,13.64,27.28,2.58,380.0,127.2
13:17:00,40,9.0,3.3,2.7,2.5,232.0,900.0,2067.12,0.43,22.5,22.5,1.15,350.0,94.4
13:18:00,33,15.0,4.0,3.5,3.0,495.0,2545.0,6930.0,0.36,77.12,145.24,2.83,370.0,107.3
13:34:00,68,9.0,3.5,3.0,3.0,894.0,5100.0,9387.0,0.54,75.0,150.0,12.3,200.0,122.9
13:17:00,72,5.5,3.0,2.8,3.0,396.0,1375.0,3326.4,0.41,19.09,38.18,5.56,280.0,116.2
13:46:00,5,8.0,2.5,2.0,3.0,40.0,75.0,200.0,0.38,15.0,30.0,2.41,325.0,117.8
13:15:00,27,8.0,3.0,3.0,3.0,216.0,1150.0,1944.0,0.59,42.59,42.59,5.15,280.0,124.7
13:19:00,76,9.0,3.0,2.8,3.0,460.0,2000.0,3864.0,0.51,26.31,66.72,5.6,250.0,162.1
13:18:00,33,9.0,3.0,2.7,2.5,1015.74,275.0,0.27,8.33,16.66,16.66,0.849,250.0,117.1
13:08:00,30,9.0,3.0,3.0,3.0,156.0,450.0,1350.0,0.33,20.0,40.0,2.04,290.0,88.2
13:16:00,27,9.1,3.5,3.0,2.5,246.0,1270.0,2583.0,0.49,47.22,94.44,2.6,340.0,96.0
13:13:00,44,6.0,3.0,3.0,2.3,264.0,1275.0,2376.0,0.53,28.97,28.97,4.31,290.0,112.8
13:16:00,52,6.0,3.0,3.0,2.5,312.0,1100.0,2808.0,0.39,21.15,21.15,1.9,300.0,100.8
13:07:00,52,8.0,3.2,2.8,3.0,416.0,1500.0,3727.36,0.4,28.85,57.7,2.5,370.0,94.1
13:06:00,27,15.0,3.5,3.0,3.0,405.0,2275.0,4252.5,0.53,84.26,168.52,2.61,390.0,96.0
13:00:00,40,15.0,3.5,3.0,3.0,600.0,3150.0,6300.0,0.5,78.75,157.5,4.69,320.0,93.0
13:53:00,30,9.0,3.0,2.5,3.0,165.0,700.0,1225.5,0.57,23.33,46.66,3.68,280.0,128.1
13:01:00,21,15.0,4.0,3.5,3.0,315.0,1506.25,4410.0,0.34,71.72,143.45,2.37,320.0,93.0
13:40:00,50,15.0,3.5,3.0,3.0,750.0,4600.0,7875.0,0.58,92.0,184.0,2.09,360.0,112.7
13:26:00,64,4.5,3.2,2.8,3.0,306.67,1150.0,2747.76,0.42,17.96,35.92,2.1,410.0,110.3
13:20:00,10,5.5,4.0,3.5,3.0,55.0,225.0,770.0,0.29,22.24,44.48,2.41,340.0,117.8
13:12:00,41,10.0,3.0,3.0,3.0,410.0,1625.0,3690.0,0.44,39.63,79.26,1.37,290.0,115.9
13:08:00,22,15.0,3.5,3.0,3.0,330.0,1625.0,3465.0,0.46,73.86,147.7,0.659,350.0,104.3
13:05:00,75,5.6,3.2,2.8,3.0,415.0,1350.0,3718.4,0.36,18.0,36.0,2.53,380.0,93.0
13:10:00,35,7.0,3.2,2.8,3.0,245.0,1250.0,2195.2,0.57,35.7,71.4,0.75,310.0,96.6
13:10:00,9,8.0,3.0,2.5,3.0,72.0,75.0,540.0,0.14,8.33,8.33,0.75,330.0,96.6
13:05:00,20,9.0,3.5,3.0,3.0,188.0,1025.0,1974.0,0.51,51.25,102.5,3.18,320.0,126.0
13:03:00,36,8.0,3.0,3.0,3.0,288.0,1500.0,2592.0,0.57,41.66,41.66,3.07,360.0,123.0
13:05:00,27,15.0,4.2,3.0,3.0,405.0,2250.0,5103.0,0.44,83.33,166.66,3.52,350.0,125.0
13:14:00,63,14.15,3.0,3.0,3.0,913.5,5150.0,821.5,0.62,81.07,163.49,4.19,430.0,125.0
13:04:00,48,8.9,3.0,2.8,3.0,416.0,1925.0,3500.0,0.55,40.1,80.2,2.5,340.0,119.4
13:10:00,18,15.0,3.5,3.0,3.0,270.0,1125.0,2835.0,0.4,62.5,125.0,1.65,370.0,100.0
13:10:00,60,8.0,3.2,2.8,3.0,480.0,1750.0,4300.8,0.41,29.17,58.34,1.65,390.0,100.0
13:10:00,51,15.0,4.0,3.0,3.0,765.0,4550.0,9180.0,0.49,89.21,178.42,2.41,380.0,118.0
13:10:00,40,5.0,3.0,2.5,3.0,200.0,900.0,1500.0,0.6,22.5,22.5,2.41,350.0,118.0
13:10:00,34,11.12,3.5,3.0,3.0,394.0,1900.0,4137.0,0.46,55.88,55.88,2.16,410.0,112.0
13:10:00,8,15.0,3.8,3.0,3.0,120.0,725.0,1368.0,0.52,90.62,90.62,9.65,310.0,125.0
13:24:00,28,12.0,4.0,3.0,3.0,336.0,1900.0,4032.0,0.47,67.85,135.71,9.65,330.0,125.0
13:10:00,35,7.0,3.0,3.0,3.0,245.0,1100.0,2205.0,0.49,31.42,31.42,1.69,340.0,133.3
13:10:00,75,9.0,3.2,2.8,3.0,675.0,2800.0,6048.0,0.46,37.33,37.33,2.42,420.0,115.6
13:10:00,31,11.0,3.0,3.0,3.0,341.0,1725.0,3069.0,0.56,55.6,111.3,3.48,390.0,119.2
13:10:00,32,7.0,3.0,3.0,2.5,224.0,1225.0,2016.0,0.6,38.28,76.56,2.41,370.0,115.5
13:10:00,45,6.0,3.0,3.0,2.5,270.0,1075.0,2430.0,0.44,23.88,23.88,1.88,310.0,125.6
13:10:00,51,9.0,3.3,3.0,3.0,455.0,2425.0,4505.0,0.53,59.14,118.29,8.17,290.0,121.8
13:30:00,9,8.0,2.0,2.0,3.0,72.0,325.0,288.0,1.13,36.11,36.11,2.41,360.0,117.8
13:10:00,41,10.11,3.5,3.0,3.0,414.0,2000.0,4347.0,0.46,48.78,48.78,1.37,345.0,116.0
13:33:00,35,8.0,3.0,3.0,3.0,280.0,1500.0,2520.0,0.59,41.7,41.7,1.48,370.0,119.1
13:35:00,44,9.1,2.5,3.0,3.0,434.0,1600.0,3135.0,0.51,36.36,72.72,1.94,320.0,97.4
13:49:00,33,10.0,3.0,3.0,3.0,310.0,1500.0,2970.0,0.5,46.96,93.93,1.93,330.0,112.3
13:48:00,80,15.0,4.2,3.2,3.0,1200.0,7575.0,16128.0,0.46,96.68,189.3,5.75,310.0,114.1
13:30:00,24,1.39,3.0,3.0,2.76,63.0,33.46,567.0,0.057,1.39,2.78,2.41,305.0,117.8
13:18:00,50,9.0,3.5,3.0,3.0,450.0,2050.0,4725.0,0.43,41.0,82.0,2.41,440.0,117.8
13:10:00,40,9.0,3.5,3.0,3.0,360.0,1350.0,3780.0,0.35,33.77,33.77,6.18,260.0,119.0
13:10:00,39,10.0,4.0,3.0,3.0,390.0,1875.0,4680.0,0.4,48.07,96.15,1.71,370.0,116.1
13:10:00,32,7.0,3.5,3.0,3.0,224.0,750.0,2352.0,0.31,23.43,46.87,0.84,320.0,112.4
13:10:00,35,9.0,3.5,3.0,3.0,315.0,1350.0,3307.5,0.4,40.0,40.0,4.68,290.0,120.3
13:10:00,50,9.0,3.3,3.0,3.0,450.0,2125.0,4725.0,0.44,42.5,85.0,1.36,380.0,110.1
13:10:00,11,8.0,3.0,3.0,3.0,88.0,300.0,792.0,0.37,27.27,54.54,0.91,290.0,117.1
13:10:00,60,10.5,4.0,3.2,3.0,630.0,3500.0,8064.0,0.43,58.33,116.66,1.12,340.0,91.7
13:10:00,50,10.0,4.0,3.0,3.0,500.0,2625.0,6000.0,0.43,52.5,105.0,1.71,320.0,115.5
13:10:00,70,15.0,4.0,3.0,3.0,1050.0,5325.0,12600.0,0.52,76.07,152.14,9.52,330.0,120.7
13:10:00,40,6.0,3.5,3.0,3.0,240.0,1100.0,2520.0,0.43,27.5,27.5,2.82,310.0,115.6
13:10:00,68,15.0,4.2,3.2,3.0,1020.0,5400.0,13708.0,0.39,79.41,158.82,2.47,370.0,92.7
13:10:00,27,10.0,3.5,3.0,3.0,270.0,1300.0,2835.0,0.45,48.14,96.29,0.59,390.0,132.3
13:10:00,27,10.0,3.5,3.0,3.0,270.0,1275.75,2835.0,0.45,48.14,96.29,1.04,320.0,97.4
13:10:00,91,10.0,3.5,3.0,3.0,910.0,4350.0,9555.0,0.45,47.8,47.8,1.21,480.0,87.1
13:10:00,43,4.0,3.2,2.8,2.5,172.0,450.0,1541.12,0.3,10.46,10.46,1.36,330.0,98.8
13:10:00,30,10.0,3.5,3.0,3.0,300.0,1275.0,3150.0,0.4,42.5,85.0,3.63,410.0,120.7
13:10:00,33,8.0,3.5,3.0,3.0,264.0,1400.0,2772.0,0.5,42.42,42.42,1.25,360.0,85.1
13:10:00,230,15.0,3.5,3.0,2.5,3450.0,20750.0,36225.0,0.57,90.22,180.44,5.04,390.0,132.4
13:10:00,24,10.0,3.5,3.0,3.0,240.0,1550.0,2520.0,0.59,62.5,62.5,0.73,460.0,117.6
13:10:00,36,6.0,3.0,3.0,3.0,216.0,875.0,1944.0,0.45,24.3,24.3,2.07,270.0,116.0
13:10:00,25,15.0,3.5,3.0,3.0,375.0,1700.0,3937.5,0.43,68.0,136.0,0.73,400.0,105.8
13:10:00,51,10.0,4.0,3.0,3.0,510.0,3100.0,6120.0,0.51,60.78,121.56,1.1,390.0,116.6
13:10:00,24,15.0,3.5,3.0,3.0,360.0,1600.0,3780.0,0.42,66.66,133.33,0.94,390.0,91.7
13:10:00,63,15.0,4.2,3.2,3.0,945.0,4575.0,12700.8,0.36,72.61,145.23,2.03,430.0,123.0
13:10:00,56,15.0,2.7,2.5,3.0,840.0,5350.0,5670.0,0.94,95.53,191.07,2.67,360.0,118.0
13:10:00,42,7.0,3.0,3.0,3.0,294.0,1175.0,2646.0,0.44,27.97,27.97,2.16,290.0,116.0
13:10:00,40,14.0,4.0,3.0,3.0,560.0,3675.0,6720.0,0.54,90.87,183.75,2.16,400.0,100.0
13:10:00,44,7.0,3.0,3.0,3.0,308.0,1250.0,2772.0,0.45,28.4,28.4,2.41,370.0,117.8
13:10:00,90,9.0,3.5,3.0,3.0,810.0,5000.0,8505.0,0.59,55.55,55.55,3.56,360.0,110.0
13:10:00,7,4.0,3.0,3.0,2.5,28.0,100.0,252.0,0.39,14.28,14.28,2.41,360.0,117.8
13:10:00,40,9.0,3.5,3.0,3.0,360.0,2250.0,3780.0,0.59,56.25,56.25,3.56,350.0,110.0
13:10:00,40,6.0,3.5,3.0,2.5,240.0,1267.6,2520.0,0.5,31.69,63.38,0.508,420.0,116.0
13:07:00,35,12.0,3.5,3.0,3.0,420.0,2325.0,4410.0,0.52,66.42,132.85,4.32,300.0,128.0
13:04:00,35,5.0,2.5,2.0,3.0,175.0,750.0,875.0,0.85,21.43,21.43,1.14,320.0,100.0
17:02:00,75,6.7,2.3,1.9,3.0,487.4,1975.0,2130.0,0.92,26.3,52.6,1.52,340.0,119.0
13:14:00,52,4.6,3.0,3.0,2.5,312.0,1361.12,2664.0,0.51,26.17,26.17,3.18,320.0,125.0
13:22:00,33,10.11,2.5,1.8,3.0,352.0,2000.0,1584.0,1.26,60.6,60.6,0.762,320.0,114.0
13:15:00,48,10.5,3.5,3.0,3.0,504.0,3000.0,5292.0,0.56,62.5,125.0,1.02,325.0,110.0
13:10:00,20,9.0,3.5,3.0,2.8,205.0,500.0,2152.5,0.23,25.0,50.0,0.762,315.0,106.0
13:47:00,115,9.0,2.8,2.5,3.0,540.0,2125.0,3780.0,0.56,18.48,18.48,1.07,330.0,108.4
13:19:00,15,5.0,2.5,2.0,3.0,75.0,250.0,375.0,0.61,15.33,15.33,0.579,380.0,80.1
13:08:00,32,8.5,3.5,3.0,3.0,272.0,1775.0,2856.0,0.62,55.46,55.46,1.65,320.0,132.0
13:20:00,45,9.0,3.5,3.0,3.0,437.0,2500.0,4843.0,0.51,55.55,55.55,3.31,320.0,111.5
13:39:00,41,10.15,3.0,2.5,3.0,512.0,2250.0,3843.0,0.58,54.87,109.0,1.4,320.0,103.0
13:14:00,45,12.14,3.5,3.2,3.0,699.0,3250.0,6708.0,0.48,72.22,144.44,3.99,325.0,129.0
13:12:00,60,8.5,3.0,3.0,3.0,510.0,2125.0,4590.0,0.51,35.41,70.82,9.56,280.0,120.0
13:15:00,20,4.0,3.0,3.0,2.5,80.0,275.0,720.0,0.38,13.75,13.75,4.02,300.0,114.0
13:21:00,40,13.0,3.2,2.8,3.0,520.0,2425.0,4659.2,0.52,60.62,60.62,12.0,250.0,117.8
13:15:00,39,4.4,3.0,2.5,2.5,171.0,500.0,1287.0,0.38,12.82,12.82,0.452,400.0,94.1
13:17:00,80,10.0,3.2,2.8,3.0,800.0,3875.0,3875.0,0.54,48.43,48.43,2.07,380.0,128.1
13:18:00,14,8.0,3.0,2.5,3.0,550.0,550.0,840.0,0.65,39.28,39.28,0.675,475.0,118.2
13:19:00,73,7.0,3.0,2.5,3.0,483.0,2500.0,3832.0,0.65,34.24,34.24,0.5,400.0,112.8
13:14:00,29,8.5,3.0,2.6,3.0,246.0,1025.0,1922.0,0.53,35.34,35.34,0.627,410.0,92.3
13:15:00,44,8.0,3.0,2.5,2.3,374.0,1700.0,2805.0,0.6,38.63,38.63,2.17,410.0,117.4
13:32:00,74,5.0,3.0,3.0,3.0,370.0,1125.0,3330.0,0.33,15.2,15.2,0.945,420.0,109.5
13:31:00,46,8.11,3.0,3.5,3.0,460.0,2475.0,4830.0,0.51,53.8,107.6,1.82,390.0,122.2
13:16:00,18,9.0,3.8,2.7,3.0,108.0,500.0,1108.8,0.45,27.77,27.77,3.2,350.0,133.3
13:11:00,40,10.5,3.0,3.0,3.0,420.0,2125.0,3780.0,0.56,53.12,53.12,0.627,405.0,116.6
13:27:00,19,4.6,3.0,3.0,3.0,95.0,127.72,855.0,0.15,6.73,13.45,0.738,390.0,93.6
13:01:00,58,5.14,3.5,3.0,3.0,565.0,3278.0,5932.0,0.55,56.51,113.03,0.833,375.0,97.4
13:02:00,70,10.11,3.2,2.8,2.5,770.0,4675.0,6899.2,0.67,66.78,66.78,0.675,420.0,83.4
13:06:00,37,15.0,3.5,3.0,3.0,555.0,2700.0,5827.0,0.46,72.97,145.94,1.01,380.0,83.4
13:08:00,30,14.15,3.5,3.0,3.0,420.0,2100.0,4567.5,0.45,70.0,140.0,1.4,350.0,93.0
13:16:00,26,10.0,3.5,3.0,3.0,260.0,1375.0,2730.0,0.5,52.88,105.7,0.754,390.0,88.2
13:15:00,36,10.0,3.0,3.0,3.0,360.0,1575.0,3240.0,0.48,43.75,87.5,1.6,360.0,92.3
13:17:00,47,5.7,2.8,2.5,3.0,314.5,1250.0,2201.5,0.57,26.6,26.6,2.58,340.0,121.1
13:15:00,26,6.0,3.0,2.5,3.0,156.0,725.0,1170.0,0.61,25.0,50.0,1.28,340.0,112.4
13:20:00,9,10.0,1.5,1.5,3.0,90.0,325.0,202.0,1.6,36.11,36.11,2.41,350.0,117.8
17:25:00,27,10.0,3.2,2.5,3.0,270.0,1425.0,2160.0,0.65,52.78,52.78,1.1,390.0,114.0
13:23:00,33,15.0,3.5,3.0,3.0,495.0,2975.0,5197.5,0.57,90.15,180.3,2.42,340.0,115.0
13:26:00,53,7.0,3.0,3.0,3.0,371.0,1825.0,3339.0,0.54,34.43,68.86,2.55,380.0,115.3
13:04:00,48,10.11,4.0,3.0,3.0,504.0,3367.0,6048.0,0.55,70.14,140.29,4.06,395.0,123.4
13:20:00,29,8.5,3.0,3.0,3.0,246.5,1225.0,2218.0,0.55,42.24,42.24,3.43,350.0,118.0
13:21:00,32,7.0,3.0,3.0,3.0,224.0,1050.0,2016.0,0.52,32.18,32.18,2.79,340.0,118.0
13:30:00,135,15.0,4.0,3.0,3.0,2025.0,11350.0,24300.0,0.46,84.07,84.07,9.82,310.0,136.0
13:12:00,40,15.0,3.0,3.0,3.0,600.0,3050.0,5400.0,0.56,76.35,152.5,3.44,320.0,103.3
13:23:00,20,12.13,3.5,3.0,3.0,256.0,1500.0,2730.0,0.54,75.0,150.0,2.16,380.0,110.0
13:18:00,56,9.0,3.0,2.8,3.0,293.0,1000.0,2461.2,0.41,17.86,35.72,2.48,410.0,118.5
13:18:00,54,5.0,3.0,2.8,3.0,270.0,1000.0,2268.0,0.44,18.52,37.04,2.48,410.0,118.5
13:19:00,66,13.14,3.5,3.0,3.0,891.0,5250.0,9355.5,0.56,79.54,159.09,0.627,390.0,113.2
13:14:00,81,9.0,3.0,2.5,2.5,463.0,1875.0,3472.5,0.53,23.14,46.28,1.94,360.0,112.6
13:02:00,27,11.0,3.5,3.0,3.0,297.0,1675.0,3118.5,0.53,62.03,124.07,3.02,390.0,93.6
13:09:00,33,7.0,3.0,3.0,3.0,231.0,1009.0,2079.0,0.48,30.58,30.58,3.29,360.0,119.1
13:13:00,26,7.0,3.0,3.0,3.0,182.0,1025.0,1638.0,0.62,39.4,78.84,1.17,380.0,98.8
13:17:00,30,6.0,3.0,3.0,3.0,180.0,750.0,1620.0,0.46,25.0,25.0,1.52,350.0,123.9
13:11:00,92,8.0,3.2,2.8,3.0,736.0,3050.0,6594.56,0.46,33.15,66.3,2.06,320.0,103.8
13:15:00,63,15.0,4.0,3.0,3.0,945.0,5000.0,11340.0,0.44,79.36,158.72,1.87,380.0,99.9
13:13:00,25,4.0,3.0,2.5,2.5,100.0,275.0,750.0,0.37,11.12,22.24,1.42,410.0,89.2
13:08:00,74,9.0,4.0,3.0,3.0,758.5,4500.0,9102.0,0.49,60.81,121.62,2.03,380.0,117.0
13:17:00,120,10.0,4.0,3.0,3.0,1200.0,5175.0,14400.0,0.35,43.125,43.125,2.03,360.0,112.0
13:20:00,46,6.8,3.3,2.8,3.0,331.0,1625.0,3104.0,0.52,35.32,70.65,1.52,380.0,116.0
13:15:00,45,6.8,3.0,3.0,3.0,286.0,1275.0,2835.0,0.44,28.33,28.33,1.1,350.0,113.1
13:08:00,18,5.5,3.0,3.0,2.5,99.0,400.0,891.0,0.44,22.22,22.22,0.786,340.0,107.5
13:18:00,35,8.5,3.0,3.0,3.0,297.5,1450.0,2677.5,0.54,41.42,82.84,0.818,350.0,107.0
13:19:00,92,9.0,3.0,2.8,3.0,465.0,1700.0,3906.0,0.43,18.47,18.47,0.96,360.0,116.5
13:22:00,46,13.0,3.0,3.0,3.0,598.0,2750.0,5382.0,0.51,59.78,119.5,1.74,360.0,108.8
17:41:00,74,10.12,3.5,3.0,3.0,810.0,2750.0,8505.0,0.32,37.16,74.32,2.39,340.0,120.1
13:25:00,51,9.0,3.3,3.0,3.0,462.0,2700.0,4851.0,0.55,52.92,105.88,1.01,330.0,116.5
17:40:00,100,9.0,3.5,3.0,3.0,982.0,5275.0,10311.0,0.51,52.75,105.5,3.37,350.0,115.0
13:17:00,35,11.0,3.0,3.0,3.0,385.0,1950.0,3465.0,0.56,55.71,111.42,0.77,380.0,106.3
13:21:00,37,12.0,4.0,3.0,3.0,444.0,2275.0,5328.0,0.42,61.48,122.96,0.706,430.0,92.7
13:11:00,32,9.0,3.0,2.5,3.0,288.0,1200.0,2160.0,0.55,37.5,75.0,1.53,390.0,119.4
13:11:00,40,4.5,3.0,2.5,2.8,180.0,625.0,1350.0,0.46,15.62,31.24,2.69,390.0,113.5
13:17:00,75,9.0,3.2,2.8,3.0,535.0,2200.0,4793.6,0.45,29.33,29.33,0.96,430.0,82.5
13:12:00,33,10.11,3.0,3.0,3.0,352.0,1950.0,3168.0,0.61,59.09,118.18,2.09,320.0,111.2
13:10:00,32,6.0,3.0,3.0,3.0,192.0,900.0,1728.0,0.52,28.12,28.12,1.93,380.0,107.7
13:11:00,14,7.8,1.0,0.9,3.0,105.0,168.98,94.5,1.79,12.07,24.14,1.23,280.0,120.0
13:11:00,20,4.0,3.0,3.0,3.0,80.0,166.8,720.0,0.23,8.34,16.68,1.23,280.0,120.0
13:13:00,48,15.0,3.5,3.0,3.0,720.0,3570.0,7560.0,0.49,78.13,156.26,2.85,380.0,116.5
13:10:00,24,6.0,3.2,2.8,3.0,144.0,675.0,1290.24,0.52,28.105,56.25,1.09,370.0,97.2
13:10:00,58,9.0,3.5,3.0,3.0,572.0,2800.0,5985.0,0.46,48.27,96.54,1.09,370.0,97.2
13:05:00,45,8.5,3.0,3.0,3.0,382.5,1875.0,3442.5,0.54,41.6,41.6,2.07,300.0,93.8
13:17:00,46,15.0,3.25,3.0,3.0,690.0,3580.0,6727.5,0.53,77.84,155.68,1.94,300.0,110.0
13:09:00,41,10.5,3.0,3.0,3.0,462.0,2050.0,3874.0,0.52,50.4,100.8,2.2,355.0,116.8
13:10:00,49,8.0,3.5,3.0,3.0,392.0,1925.0,4116.0,0.47,39.29,78.57,1.63,350.0,110.0
13:11:00,59,12.14,3.6,3.2,3.0,768.0,3675.0,8847.36,0.41,62.29,62.29,2.55,350.0,107.4
13:08:00,40,7.0,3.0,3.0,3.5,280.0,1250.0,2520.0,0.49,31.25,62.5,3.45,280.0,118.9
13:34:00,20,10.0,3.0,3.0,3.0,200.0,1080.0,1800.0,0.6,54.0,108.0,0.722,390.0,111.7
13:28:00,50,9.0,3.0,3.0,3.0,260.0,1135.0,2340.0,0.48,22.07,45.4,0.548,429.0,108.3
13:17:00,24,8.5,3.0,3.0,3.0,204.0,900.0,1836.0,0.48,37.5,37.5,3.69,280.0,125.1
13:35:00,32,9.0,3.0,3.0,3.0,221.0,1200.0,2016.0,0.59,37.5,75.0,0.786,380.0,119.6
13:19:00,150,10.13,3.2,2.8,2.5,1767.0,7825.0,15832.32,0.49,52.16,104.32,5.97,380.0,126.0
13:16:00,56,15.0,3.2,3.2,3.0,840.0,5500.0,11289.0,0.48,98.21,196.4,4.83,340.0,100.0
13:03:00,44,6.0,3.0,3.0,3.0,264.0,1200.0,2376.0,0.5,25.02,25.02,1.14,360.0,100.0
13:10:00,41,7.0,3.0,3.0,3.0,287.0,1375.0,2583.0,0.53,33.54,33.54,1.52,350.0,100.0
13:09:00,32,12.0,3.0,3.0,3.0,384.0,1872.0,3456.0,0.54,58.506,116.012,1.65,350.0,100.0
13:06:00,45,14.0,3.5,3.0,3.5,630.0,3675.0,6615.0,0.5,81.66,163.32,2.29,410.0,112.0
13:11:00,44,4.0,3.5,3.0,3.0,176.0,325.0,1848.0,0.17,7.38,14.77,1.4,320.0,117.0
13:04:00,94,2.0,3.0,2.5,1.7,188.0,261.32,1410.0,0.18,2.78,5.56,0.5,309.0,106.0
13:06:00,40,15.0,3.5,3.0,3.0,600.0,3336.0,6300.0,0.52,83.4,166.8,1.78,410.0,100.0
13:26:00,93,9.0,3.5,3.0,2.5,953.0,5625.0,10006.5,0.56,60.48,120.96,3.43,450.0,100.0
17:18:00,58,15.0,3.5,3.0,3.0,870.0,5500.0,9135.0,0.6,94.82,189.64,1.65,390.0,120.0
13:13:00,23,4.0,3.0,3.0,3.0,92.0,375.0,828.0,0.45,16.3,32.6,1.02,390.0,100.0
13:07:00,30,9.0,3.0,3.0,3.5,262.5,1400.0,2362.5,0.59,46.66,46.66,0.76,460.0,116.0
13:12:00,30,6.9,3.5,3.0,3.0,222.0,950.0,2331.0,0.4,31.66,63.33,2.54,380.0,112.0
13:22:00,24,9.0,3.5,3.0,3.0,281.0,1450.0,2950.5,0.49,60.41,120.82,1.27,380.0,100.0
13:53:00,115,15.0,3.6,3.2,2.5,1725.0,9475.0,19872.0,0.47,82.39,164.78,7.24,280.0,126.0
13:32:00,44,6.0,3.0,3.0,3.0,264.0,1111.12,2376.0,0.46,25.25,25.25,0.889,380.0,100.0
13:35:00,9,9.0,3.0,2.5,3.0,81.0,325.0,607.5,0.53,36.11,72.22,2.41,430.0,117.8
13:37:00,28,10.0,3.0,3.0,3.0,280.0,1400.0,2520.0,0.55,50.04,100.08,0.762,410.0,100.0
13:42:00,50,5.8,3.0,3.0,3.0,370.0,1350.0,3330.0,0.4,27.0,54.0,6.6,250.0,123.0
13:09:00,50,15.0,3.6,3.2,2.5,750.0,4500.0,8640.0,0.52,90.0,90.0,1.36,390.0,129.2
13:04:00,30,5.0,3.0,3.0,3.0,150.0,575.0,1350.0,0.42,19.16,38.33,1.42,430.0,121.0
13:02:00,18,9.0,3.0,3.0,3.5,157.5,875.0,1417.5,0.61,48.61,48.61,3.21,340.0,120.0
13:07:00,66,9.0,3.5,3.0,3.0,490.0,2567.0,5145.0,0.49,38.89,77.78,0.929,440.0,123.3
13:06:00,64,15.0,4.0,3.0,3.0,960.0,4800.0,11520.0,0.41,75.0,150.0,4.06,390.0,134.0
12:50:00,40,6.0,4.0,3.0,3.0,240.0,1000.0,2880.0,0.34,25.02,25.02,2.29,380.0,127.0
13:06:00,35,3.0,3.0,2.8,2.5,105.0,150.0,882.0,0.17,4.28,8.56,1.02,340.0,122.0
13:06:00,20,3.0,3.0,2.8,2.5,60.0,50.0,504.0,0.09,2.5,5.0,1.02,340.0,122.0
13:15:00,15,15.0,3.5,3.0,4.0,225.0,1208.34,2362.5,0.51,80.55,80.55,2.41,370.0,117.8
13:03:00,35,8.5,4.0,3.0,3.0,297.5,1225.0,3570.0,0.34,35.0,70.0,1.83,360.0,124.9
13:11:00,9,15.0,3.5,3.0,3.0,135.0,625.0,1417.5,0.44,69.44,69.44,0.913,430.0,107.9
13:09:00,79,9.0,4.0,3.0,3.5,972.94,4100.0,11675.36,0.35,51.89,103.79,0.119,480.0,120.9
13:11:00,68,15.0,4.2,3.2,3.0,1020.0,4271.22,13708.8,0.311,62.82,125.61,8.49,260.0,118.0
13:08:00,22,15.0,3.8,3.3,3.0,345.0,1500.0,4138.2,0.36,68.1,136.36,2.67,290.0,112.0
13:10:00,15,8.0,3.5,3.0,3.0,144.0,575.0,1260.0,0.41,38.33,76.66,2.16,300.0,127.0
13:39:00,58,15.0,3.6,3.2,2.5,870.0,5675.0,10022.4,0.56,97.8,195.6,3.64,320.0,125.0
13:17:00,50,5.0,3.2,2.8,3.0,250.0,1000.0,2240.0,0.44,20.0,40.0,2.1,230.0,117.7
13:22:00,90,15.0,3.6,3.2,2.5,1350.0,7525.0,15552.0,0.48,83.61,167.22,10.2,280.0,131.4
13:24:00,59,9.0,3.8,3.3,4.0,573.0,2300.0,7185.42,0.32,38.98,77.96,1.79,380.0,129.0
13:11:00,20,15.0,3.5,3.0,3.5,480.0,1275.0,3150.0,0.4,63.75,127.5,4.06,250.0,124.0
13:16:00,95,9.0,3.2,2.8,3.0,855.0,4600.0,7660.8,0.6,48.42,96.84,0.405,360.0,109.2
13:06:00,20,3.0,2.5,2.0,2.5,60.0,75.0,300.0,0.25,3.75,7.5,1.21,420.0,100.1
13:06:00,40,6.0,3.2,2.8,3.0,240.0,850.0,2150.4,0.39,21.25,42.5,1.21,420.0,100.1
13:14:00,17,3.5,3.0,2.5,2.5,59.5,100.0,446.25,0.22,5.88,11.76,2.41,390.0,117.8
13:28:00,70,15.0,3.6,3.2,2.5,1050.0,4925.0,12096.0,0.4,70.35,140.7,4.19,350.0,112.0
13:04:00,23,14.0,3.5,3.0,3.0,322.0,1500.0,3381.0,0.44,65.21,130.42,2.9,380.0,124.9
13:29:00,66,6.0,3.5,2.8,3.5,396.0,1375.0,3880.0,0.35,20.83,20.83,1.4,220.0,114.0
13:32:00,45,4.5,3.0,3.0,2.5,202.5,516.48,1822.5,0.28,11.47,11.47,3.34,220.0,115.9
13:00:00,49,15.0,4.2,3.2,3.0,735.0,5000.0,9878.4,0.5,102.04,204.08,6.6,240.0,100.0
13:01:00,18,15.0,3.6,3.2,2.5,270.0,1275.0,3110.4,0.4,70.83,141.66,1.29,290.0,104.7
13:10:00,19,5.0,3.0,2.5,2.5,95.0,225.0,712.5,0.31,11.84,23.68,2.41,390.0,117.8
17:21:00,39,9.0,3.0,3.0,3.0,351.0,1409.46,3159.0,0.44,36.14,36.14,3.21,380.0,124.4
13:14:00,31,9.0,3.0,3.0,3.0,279.0,1206.52,2511.0,0.48,38.92,38.92,2.79,400.0,123.4
17:13:00,21,15.0,3.5,3.0,3.5,315.0,1750.0,3307.5,0.52,83.33,166.16,0.992,380.0,93.0
13:16:00,43,15.0,3.8,3.3,3.0,645.0,3586.2,8088.3,0.44,83.4,166.8,3.3,380.0,122.0
13:11:00,31,4.5,3.0,2.8,3.0,139.5,350.0,1171.8,0.29,11.29,11.29,2.54,220.0,118.0
13:15:00,30,6.0,3.0,2.8,3.0,180.0,650.0,1512.0,0.42,22.0,44.0,2.41,390.0,116.0
13:18:00,70,6.0,3.0,2.8,3.0,420.0,1525.0,3528.0,0.43,21.8,43.6,1.25,300.0,136.7
13:30:00,57,9.12,3.0,2.5,3.5,600.0,2725.0,4500.0,0.6,47.8,95.6,1.1,380.0,89.2
13:18:00,33,8.9,3.0,3.0,3.0,280.0,1275.0,2520.0,0.5,38.63,77.27,3.69,390.0,112.1
13:20:00,28,9.0,3.5,3.0,3.0,364.0,1850.0,3822.0,0.48,66.07,132.15,2.52,490.0,111.7
13:20:00,70,8.0,3.0,2.8,3.0,560.0,2050.0,4704.0,0.43,29.3,29.3,2.01,380.0,94.6
13:15:00,19,6.0,3.0,3.0,3.0,114.0,400.0,2026.0,0.38,21.05,42.1,0.76,340.0,114.0
13:20:00,62,15.0,4.1,3.1,3.0,930.0,5050.0,11820.3,0.42,81.45,81.45,3.29,380.0,92.7
13:14:00,23,15.0,3.5,3.0,3.0,345.0,1550.0,3622.5,0.42,67.39,134.0,1.52,440.0,100.0
13:19:00,39,8.0,3.0,3.0,3.0,312.0,1500.0,2808.0,0.53,38.46,38.46,1.1,390.0,89.2
13:14:00,24,15.0,3.5,3.0,3.0,360.0,2000.0,3780.0,0.52,83.4,166.8,6.22,210.0,128.0
13:29:00,53,15.0,3.6,3.5,3.0,795.0,2375.0,10017.0,0.23,45.0,45.0,2.85,380.0,130.7
13:20:00,24,9.0,4.0,3.0,3.0,216.0,975.0,2592.0,0.37,40.62,81.25,3.43,480.0,121.0
13:27:00,30,6.0,3.3,2.8,3.0,180.0,500.4,1663.2,0.3,16.68,33.36,2.54,380.0,132.0
13:02:00,30,8.0,3.0,2.8,3.0,240.0,850.0,2217.6,0.38,28.33,56.66,1.34,310.0,125.7
13:30:00,45,6.0,3.0,2.5,3.0,270.0,750.0,2025.0,0.37,16.66,33.13,2.41,680.0,117.8
13:11:00,115,10.0,4.0,3.0,2.5,1150.0,5980.3,13800.0,0.45,52.0,104.0,4.63,280.0,124.7
13:34:00,80,15.0,3.5,3.0,3.0,1200.0,4300.0,12600.0,0.34,53.75,53.75,3.23,380.0,111.5
14:15:00,8,8.0,3.0,2.5,3.0,64.0,200.0,480.0,0.41,25.0,25.0,0.516,320.0,88.7
14:13:00,6,8.0,3.0,3.0,3.0,48.0,150.0,432.0,0.34,25.0,50.0,2.2,360.0,134.4
13:21:00,28,15.0,4.0,3.5,3.0,420.0,2000.0,5880.0,0.34,71.42,71.42,2.39,340.0,132.8
13:26:00,36,12.0,3.8,3.5,3.0,516.0,2275.0,5745.0,0.39,52.9,52.9,1.39,380.0,119.8
13:14:00,6,8.0,3.0,3.0,3.0,48.0,125.0,432.0,0.29,20.83,41.66,0.437,360.0,107.8
13:13:00,35,6.0,3.0,3.0,2.5,210.0,700.0,1890.0,0.37,20.0,40.0,3.14,420.0,126.7
13:07:00,55,12.15,3.5,3.0,3.0,663.0,2750.0,6961.5,0.59,50.0,100.0,1.39,340.0,130.1
13:20:00,6,8.0,3.0,3.0,3.0,48.0,150.0,432.0,0.34,25.0,25.0,2.41,360.0,117.8
13:15:00,53,6.0,3.0,2.8,3.0,318.0,1200.0,2671.2,0.44,22.64,45.28,4.79,340.0,116.5
13:05:00,7,8.0,3.0,3.0,3.0,56.0,200.0,504.0,0.39,28.57,57.14,2.41,360.0,117.8
13:25:00,6,4.0,1.5,1.5,3.0,24.0,30.0,54.0,0.55,5.0,10.0,2.41,310.0,117.8
13:20:00,24,6.0,3.2,2.8,2.5,144.0,445.0,1290.24,0.34,18.54,37.08,0.548,420.0,102.4
13:00:00,45,6.0,3.0,2.5,3.0,270.0,925.0,2025.0,0.45,20.5,41.0,4.53,320.0,119.6
13:05:00,3,8.0,2.5,2.0,3.0,24.0,100.0,120.0,0.8,33.3,33.3,2.41,300.0,117.8
13:25:00,8,8.12,1.0,1.0,3.0,90.0,350.0,90.0,3.88,43.75,175.0,2.41,310.0,117.8
13:55:00,11,12.0,1.5,1.5,3.5,148.0,400.0,333.0,1.2,36.4,72.8,2.41,340.0,117.8
13:22:00,126,15.0,4.0,3.0,3.0,1890.0,11550.0,22680.0,0.5,91.66,183.33,7.14,390.0,127.0
13:17:00,21,10.0,3.0,3.0,3.0,210.0,1050.0,1890.0,0.55,50.0,100.0,1.15,340.0,115.3
13:10:00,35,6.8,3.0,3.0,3.0,264.0,1375.0,2376.0,0.57,39.2,78.4,2.42,290.0,125.0
13:39:00,50,5.0,3.0,2.5,3.0,250.0,950.0,1875.0,0.5,19.0,38.0,3.36,310.0,130.7
13:10:00,27,5.7,3.0,2.5,3.0,159.0,575.0,1192.5,0.48,21.29,42.58,1.83,360.0,114.8
13:10:00,28,8.0,3.2,2.8,3.0,224.0,925.0,2007.04,0.46,33.03,66.06,3.36,330.0,130.7
13:10:00,52,15.0,3.6,3.2,3.0,780.0,4975.0,8985.6,0.55,95.67,191.34,9.45,370.0,123.9
13:10:00,15,14.0,3.3,2.5,4.0,210.0,1000.0,1732.5,0.57,66.66,66.66,3.6,200.0,113.3
13:10:00,19,8.0,3.2,2.8,3.0,152.0,800.0,1361.92,0.58,42.1,84.2,1.34,320.0,123.2
13:23:00,65,15.0,3.5,3.2,3.0,975.0,5825.0,10920.0,0.53,89.6,179.2,3.21,410.0,127.0
13:23:00,54,7.0,3.2,2.8,3.0,378.0,1825.0,3386.88,0.53,33.7,67.4,3.25,385.0,120.1
13:35:00,6,4.0,2.0,2.0,3.0,24.0,30.58,96.0,0.31,5.09,20.36,2.41,340.0,117.8
13:16:00,26,15.0,4.0,3.0,3.0,390.0,2219.0,4680.0,0.47,85.36,170.72,2.79,390.0,124.2
14:02:00,40,15.0,3.5,3.0,3.0,600.0,3700.0,6300.0,0.58,92.5,185.0,1.56,400.0,107.7
13:39:00,86,7.0,2.5,2.2,3.0,602.0,2500.0,3311.0,0.75,29.06,58.12,2.53,360.0,113.4
13:38:00,12,15.0,3.0,3.0,4.0,180.0,900.0,1620.0,0.55,75.0,75.0,16.2,123.0,132.6
13:23:00,8,15.0,3.0,3.0,4.0,120.0,600.0,1080.0,0.55,75.0,75.0,21.6,123.0,122.6
13:17:00,30,6.0,3.2,2.8,3.0,180.0,775.0,1612.8,0.48,25.83,51.66,1.61,380.0,113.3
13:05:00,30,6.0,3.5,3.0,3.0,180.0,675.0,1890.0,0.36,22.5,45.0,0.889,390.0,106.0
13:03:00,15,15.0,3.0,3.0,3.5,180.0,1125.0,2025.0,0.55,75.0,75.0,8.89,330.0,130.0
13:10:00,26,15.0,4.0,3.0,3.0,390.0,2325.0,4680.0,0.49,89.42,178.84,1.65,360.0,133.0
13:28:00,14,4.0,3.0,3.0,3.0,56.0,116.76,504.0,0.23,8.34,8.34,0.889,330.0,116.0
13:48:00,46,6.7,3.0,2.5,3.0,312.0,1450.0,2340.0,0.61,31.52,63.04,1.14,480.0,112.0
13:33:00,42,7.0,3.0,2.6,3.0,294.0,1150.0,2293.2,0.5,27.32,54.76,3.3,380.0,116.0
13:43:00,29,15.0,3.5,3.0,3.0,435.0,1150.0,4567.5,0.25,39.65,79.3,3.94,460.0,122.0
13:27:00,38,15.0,3.5,3.0,3.0,600.0,2825.0,6300.0,0.44,74.34,148.34,4.19,480.0,120.0
13:21:00,28,15.0,3.5,3.0,3.0,420.0,2150.0,4410.0,0.48,76.78,153.56,3.05,480.0,131.0
13:20:00,24,15.0,3.0,3.0,3.5,360.0,1811.1,3240.0,0.55,75.4625,75.4625,0.889,410.0,122.0
13:10:00,32,9.0,3.5,3.0,3.0,457.6,2075.0,4804.8,0.43,64.84,129.68,1.91,480.0,122.0
13:11:00,43,6.0,3.0,2.5,3.0,258.0,900.0,1935.0,0.46,20.9,41.8,6.22,430.0,122.0
13:11:00,55,7.8,3.0,2.5,3.0,410.0,1575.0,3075.0,0.51,28.63,57.26,6.22,440.0,122.0
13:15:00,38,15.0,3.5,3.0,3.0,570.0,3600.0,5985.0,0.6,94.73,189.46,2.03,520.0,122.0
13:16:00,62,9.0,3.5,3.0,3.0,948.0,5350.0,9954.0,0.53,86.29,172.58,1.78,510.0,118.0
13:10:00,6,15.0,3.0,3.0,3.0,90.0,500.0,810.0,0.62,83.4,83.4,2.41,620.0,117.8
13:13:00,60,15.0,3.5,3.0,3.0,900.0,4950.0,9450.0,0.52,82.5,165.0,3.18,390.0,118.0
13:08:00,85,7.0,3.0,2.5,3.0,595.0,2475.0,4462.5,0.554621849,29.11764706,58.22,1.4,360.0,118.0
13:21:00,12,5.0,1.5,1.5,3.0,60.0,175.0,135.0,1.296296296,14.58333333,29.16,1.02,290.0,123.0
13:06:00,25,9.0,3.0,3.0,3.0,225.0,1275.0,2025.0,0.62962963,51.0,102.0,1.14,560.0,116.0
13:15:00,12,14.5,3.0,3.0,3.0,174.0,1000.0,1566.0,0.638569604,83.33333333,83.33,2.54,330.0,126.0
13:28:00,26,22.0,4.0,3.0,3.0,572.0,3750.0,6864.0,0.546328671,144.2307692,144.23,3.18,420.0,106.0
13:15:00,83,6.78,3.0,2.5,3.0,562.74,2625.0,4220.55,0.621956854,31.62650602,77.14,2.41,370.0,117.8
13:32:00,64,15.0,3.5,3.0,3.0,960.0,6250.0,10080.0,0.620039683,97.65625,195.3,4.7,330.0,122.0
13:35:00,95,14.8947,3.5,3.0,3.0,1414.9965,9250.0,14857.46325,0.622582728,97.36842105,194.72,5.72,460.0,128.0
13:08:00,92,5.565,2.75,2.5,3.0,511.98,1925.0,3519.8625,0.546896363,20.92391304,64.5,4.32,360.0,122.0
13:08:00,70,6.5714,3.0,2.5,3.0,459.998,2000.0,3449.985,0.579712665,28.57142857,57.14,4.32,320.0,122.0
13:16:00,109,7.389,3.0,2.5,3.0,805.401,3750.0,6040.5075,0.620808765,34.40366972,68.8,5.97,300.0,125.0
13:21:00,46,15.0,4.0,3.0,3.0,690.0,4350.0,8280.0,0.525362319,94.56521739,189.13,3.94,320.0,130.0
13:19:00,85,9.0,3.0,2.5,3.0,625.0,2875.0,4687.5,0.61,33.82352941,67.64,4.45,340.0,120.0
13:12:00,43,9.0,3.3,3.0,3.0,583.0,3800.0,5791.5,0.65,88.37,176.74,3.3,420.0,129.0
13:06:00,26,6.0,3.5,3.0,3.0,156.0,675.0,1638.0,0.412087912,25.96153846,51.92,3.81,410.0,120.0
13:22:00,38,15.0,4.0,3.0,3.0,570.0,3775.0,6840.0,0.55,99.34210526,99.34,4.83,280.0,125.0
13:19:00,37,20.0,3.4,3.2,3.0,740.0,5225.0,8051.2,0.64,141.2162162,282.42,5.08,385.0,124.0
13:13:00,90,9.0,3.0,2.5,3.0,600.0,2600.0,4500.0,0.57,28.88888889,57.76,3.43,340.0,118.0
13:04:00,146,16.18,4.0,3.0,3.0,2422.0,14350.0,29064.0,0.49,98.28767123,196.56,3.18,400.0,100.0
13:13:00,36,5.0,3.0,2.5,2.5,180.0,625.0,1350.0,0.46,17.36111111,34.72,1.78,430.0,130.0
13:23:00,37,25.0,4.0,3.0,3.0,925.0,6500.0,11100.0,0.58,175.6756757,175.67,4.7,378.0,135.0
13:20:00,110,7.0,3.0,2.5,3.0,770.0,3600.0,5775.0,0.62,32.72727273,65.44,6.86,370.0,123.0
13:20:00,11,7.0,3.0,2.5,3.0,77.0,375.0,577.5,0.64,34.09090909,68.18,6.86,350.0,123.0
13:35:00,32,7.4,3.0,2.5,3.0,167.0,625.0,1108.0,0.56,19.53125,39.06,1.14,390.0,106.0
13:23:00,130,7.0,3.0,2.5,3.0,910.0,3675.0,6825.0,0.3,28.26923077,56.52,7.11,340.0,120.0
13:15:00,49,6.0,3.0,2.5,3.0,294.0,1075.0,2205.0,0.48,21.93877551,43.86,2.41,360.0,130.0
17:10:00,56,9.0,3.5,3.0,3.0,425.0,1900.0,4462.0,0.42,33.92857143,67.85,2.16,460.0,116.0
13:16:00,70,11.0,3.2,3.0,3.0,770.0,3875.0,7392.0,0.52,55.35714286,110.7,11.3,370.0,136.0
13:16:00,70,16.0,3.5,3.0,3.0,1120.0,7075.0,11760.0,0.6,101.07,202.14,4.7,410.0,128.0
13:23:00,62,7.0,3.0,2.5,3.0,434.0,2350.0,3255.0,0.72,37.9,75.8,8.89,290.0,132.0
13:11:00,64,7.8,3.0,3.0,2.5,483.0,2450.0,4347.0,0.56,38.28,76.56,1.4,430.0,106.0
13:40:00,20,4.5,3.0,2.5,2.5,90.0,300.0,675.0,0.44,15.0,30.0,2.41,510.0,117.8
13:05:00,18,16.0,3.0,3.0,3.0,288.0,1375.0,2592.0,0.53,76.38,152.77,8.76,320.0,126.0
13:35:00,33,6.0,3.0,2.5,3.0,198.0,850.0,1485.0,0.57,25.75,51.5,2.41,660.0,117.8
13:36:00,58,6.0,3.0,2.5,3.0,348.0,1450.0,2610.0,0.55,25.0,50.0,10.5,320.0,127.0
13:28:00,140,7.0,3.0,2.5,3.0,980.0,3800.0,7350.0,0.51,27.14,54.28,9.78,260.0,118.0
17:24:00,27,8.0,3.0,3.0,3.0,216.0,1100.0,1944.0,0.56,40.74,81.58,4.19,280.0,116.0
13:25:00,25,13.14,3.5,3.0,3.0,335.0,1900.0,3517.0,0.54,76.0,152.0,3.3,360.0,118.0
13:22:00,47,8.9,3.5,3.0,3.0,396.0,1250.0,4155.0,0.3,26.59,53.19,1.27,610.0,106.0
13:24:00,48,5.0,3.5,3.0,2.5,240.0,875.0,2520.0,0.34,18.22,36.45,1.4,380.0,106.0
13:18:00,46,6.9,3.0,3.0,3.0,375.0,1600.0,3375.0,0.47,34.78,69.56,2.67,410.0,106.0
13:20:00,59,9.0,3.0,2.5,3.0,389.0,1625.0,2917.5,0.55,27.54,55.08,1.02,640.0,106.0
13:21:00,49,10.11,3.2,2.8,3.0,507.0,2750.0,4542.72,0.6,56.12,112.24,4.06,580.0,118.0
17:29:00,68,16.0,4.0,3.0,3.0,1088.0,5300.0,13056.0,0.4,77.94,155.88,4.57,390.0,126.0
13:13:00,45,16.0,4.0,3.0,3.0,720.0,3300.0,8640.0,0.38,73.33,146.66,2.41,450.0,106.0
13:08:00,31,15.0,4.0,3.0,3.0,465.0,2475.0,5580.0,0.44,79.83,159.67,1.78,580.0,112.0
13:27:00,98,8.0,3.0,3.0,3.0,784.0,2500.0,7056.0,0.35,25.51,51.02,7.87,280.0,120.0
13:19:00,22,4.0,2.5,2.5,2.5,88.0,210.0,660.0,0.34,8.33,16.66,1.52,580.0,106.0
13:25:00,85,8.9,3.0,3.0,3.0,726.0,2950.0,6534.0,0.45,34.7,69.4,3.05,315.0,116.0
13:23:00,27,7.0,3.0,2.5,5.0,189.0,900.0,1417.5,0.63,33.33,66.66,1.4,640.0,106.0
13:50:00,24,12.15,3.0,3.0,3.0,291.0,1475.0,2619.0,0.56,61.74,122.91,2.79,290.0,122.0
13:21:00,85,7.0,3.0,3.0,3.0,595.0,2250.0,5355.0,0.42,26.47,52.94,4.7,310.0,125.0
13:07:00,23,12.0,3.5,3.0,3.5,276.0,1458.32,2898.0,0.5,63.4,126.8,2.29,430.0,106.0
13:06:00,55,9.0,3.5,3.0,3.0,612.0,3500.0,6426.0,0.54,63.83,127.27,1.78,480.0,118.0
13:31:00,60,15.0,4.0,3.5,3.0,900.0,5050.0,12600.0,0.4,84.16,168.32,6.1,460.0,122.0
13:10:00,16,10.0,3.0,3.0,3.0,160.0,750.0,1440.0,0.52,49.87,93.74,2.16,450.0,112.0
13:17:00,23,24.0,4.2,3.2,3.0,552.0,3550.0,7418.88,0.47,154.34,308.38,3.81,450.0,126.0
13:15:00,115,7.0,3.0,3.0,3.0,805.0,2950.0,7245.0,0.4,25.65,51.3,12.8,380.0,125.0
13:04:00,28,9.0,3.5,3.0,3.0,224.0,1000.0,2352.0,0.42,35.71,35.71,2.16,430.0,112.0
13:09:00,35,6.0,3.0,3.0,3.0,210.0,875.0,1890.0,0.46,25.0,50.0,1.91,420.0,112.0
13:13:00,22,17.0,4.0,3.0,3.0,374.0,2550.0,4488.0,0.56,115.9,231.8,3.43,410.0,122.0
13:56:00,47,6.9,3.0,3.0,3.0,411.0,2250.0,3699.0,0.6,47.87,95.74,2.41,510.0,117.8
13:53:00,39,11.0,3.5,3.0,3.0,462.0,2425.0,4504.5,0.53,62.17,124.35,1.91,480.0,123.0
13:51:00,39,5.0,3.5,3.0,2.8,52.5,800.0,2047.5,0.39,20.51,41.02,2.41,550.0,106.0
13:51:00,30,10.0,3.0,3.0,3.0,900.0,1886.12,2700.0,0.69,62.87,125.74,2.41,530.0,106.0
13:55:00,30,20.21,4.0,3.0,3.0,610.0,4325.0,7320.0,0.59,144.17,288.34,5.72,380.0,116.0
13:52:00,30,16.0,4.0,3.0,3.0,480.0,3250.0,5760.0,0.56,108.33,216.67,2.16,370.0,112.0
13:07:00,17,9.0,3.0,3.0,3.0,153.0,711.8,1377.0,0.51,41.87,83.74,2.41,530.0,117.8
13:05:00,18,15.0,3.2,3.0,3.0,270.0,1725.0,2592.0,0.66,90.78,181.57,1.27,410.0,118.0
13:20:00,70,9.0,3.2,2.8,3.0,782.0,2700.0,7007.0,0.39,38.57,77.14,5.21,350.0,123.0
13:20:00,45,10.0,3.2,2.8,3.0,450.0,1750.0,4032.0,0.44,38.88,77.79,2.54,360.0,118.0
13:20:00,58,7.8,3.0,2.5,3.0,370.0,1400.0,2775.0,0.5,24.14,48.28,2.54,380.0,118.0
13:21:00,60,9.0,4.0,3.0,3.0,1196.0,6275.0,14356.6,0.43,104.58,209.16,4.06,410.0,127.0
13:10:00,20,14.0,3.75,3.25,3.0,280.0,1725.0,3412.5,0.5,86.25,172.5,2.41,540.0,117.8
13:10:00,7,4.6,3.5,3.0,3.0,38.0,50.0,399.0,0.12,7.14,7.14,2.41,570.0,117.8
13:30:00,75,23.0,3.5,3.0,3.0,1725.0,11275.0,18113.0,0.62,150.33,300.67,6.35,310.0,126.0
13:02:00,23,14.0,3.5,3.0,3.0,322.0,1750.0,3381.0,0.51,76.8,152.17,1.91,470.0,112.0
17:12:00,49,9.0,3.0,2.5,2.8,257.24,870.0,1929.37,0.45,16.66,33.56,4.19,240.0,112.0
13:09:00,43,9.15,3.5,3.0,2.5,519.0,3150.0,5449.5,0.57,73.25,146.51,1.91,410.0,120.0
17:14:00,32,18.0,3.6,3.2,3.0,576.0,3650.0,6636.0,0.55,114.06,228.12,1.65,380.0,106.0
17:14:00,43,18.25,3.6,3.2,3.0,670.0,4850.0,7718.0,0.62,112.79,225.58,0.889,570.0,106.0
17:14:00,75,9.0,3.0,2.5,3.0,420.0,1750.0,3150.0,0.55,23.33,46.67,1.4,340.0,106.0
13:08:00,30,10.0,3.5,3.0,3.0,300.0,1650.0,3150.0,0.52,55.0,55.0,3.3,320.0,131.0
13:10:00,54,7.0,2.5,2.5,2.8,378.0,1575.0,2362.5,0.66,29.16,58.33,2.41,370.0,117.8
13:20:00,16,18.0,3.6,3.2,3.0,288.0,2150.0,3318.0,0.64,134.37,268.75,2.41,370.0,117.8
13:21:00,60,6.0,3.0,2.5,3.0,360.0,1200.0,2700.0,0.45,20.0,40.0,2.41,370.0,117.8
13:25:00,27,13.0,3.5,3.0,3.0,351.0,1925.0,3685.5,0.52,71.29,142.59,2.41,370.0,117.8
13:39:00,10,12.0,3.5,3.0,3.0,120.0,725.0,1260.0,0.57,72.5,155.0,1.91,340.0,116.0
13:32:00,77,23.0,4.0,3.0,3.0,1771.0,10075.0,21252.0,0.47,130.84,261.68,5.97,430.0,120.0
13:10:00,56,11.0,3.5,3.0,3.0,616.0,3525.0,6468.0,0.54,62.94,125.94,2.41,370.0,117.8
13:35:00,28,6.3,2.5,2.0,2.5,108.0,233.34,540.0,0.43,15.73,31.47,2.41,370.0,117.8
13:25:00,72,7.5,3.0,3.0,3.0,540.0,2500.0,4860.0,0.51,34.72,69.44,2.41,370.0,117.8
13:21:00,70,7.5,3.5,3.2,3.0,560.0,3241.7,5880.0,0.55,46.31,92.62,2.79,340.0,125.0
13:22:00,24,7.0,3.5,3.0,3.0,168.0,800.0,1764.0,0.45,33.3,66.6,3.43,420.0,122.0
13:20:00,80,9.0,3.0,2.5,3.0,590.0,2475.0,4425.0,0.55,30.93,61.86,6.99,280.0,124.0
13:20:00,30,5.8,3.0,3.0,3.0,210.0,975.0,1890.0,0.51,32.5,65.0,1.02,420.0,106.0
13:11:00,36,15.0,3.0,2.7,3.0,540.0,3000.0,4374.0,0.68,83.33,166.66,1.14,360.0,106.0
13:07:00,31,9.0,3.0,3.0,3.0,189.0,750.0,1701.0,0.44,24.19,24.19,3.18,410.0,106.0
13:03:00,58,9.0,3.0,3.0,3.0,435.0,2175.0,3915.0,0.55,37.5,37.5,4.95,370.0,106.0
13:17:00,51,25.0,4.2,3.2,3.0,1275.0,9225.0,17316.0,0.53,180.88,361.76,3.38,390.0,126.0
13:20:00,35,25.0,4.2,3.2,3.0,875.0,5000.0,11760.0,0.42,142.85,77.14,2.41,370.0,117.8
13:18:00,31,20.0,4.0,3.0,3.0,800.0,5350.0,7440.0,0.71,172.58,345.16,2.41,370.0,117.8
13:15:00,58,9.5,3.0,3.0,3.0,551.0,2950.0,4959.0,0.59,50.86,101.72,2.41,370.0,117.8
13:15:00,28,14.0,3.5,3.0,3.0,392.0,1875.0,4116.0,0.45,66.96,133.92,2.41,370.0,117.8
13:35:00,40,9.0,3.0,3.0,2.5,263.5,1250.0,2371.5,0.52,31.25,62.5,2.41,370.0,117.8
13:20:00,35,19.0,4.0,3.0,3.0,665.0,4300.0,7890.0,0.53,122.85,245.7,2.41,370.0,117.8
13:18:00,75,8.0,3.0,3.0,3.0,600.0,3000.0,5400.0,0.55,40.0,80.0,2.41,370.0,117.8
13:05:00,33,10.13,3.0,3.0,3.0,393.0,2125.0,3537.0,0.6,64.39,128.78,2.41,370.0,117.8
13:07:00,39,5.0,3.0,3.0,3.0,195.0,650.0,1755.0,0.37,16.66,33.33,2.41,370.0,117.8
13:10:00,46,7.6,3.5,3.0,3.0,349.6,2075.0,3915.52,0.52,45.1,90.2,2.41,370.0,117.8
13:07:00,52,9.6,3.0,3.0,3.0,387.0,1925.0,3483.0,0.55,37.01,74.03,0.889,400.0,110.0
13:08:00,30,10.11,3.0,3.0,3.0,310.0,1575.0,2790.0,0.56,52.5,105.0,3.3,430.0,119.0
13:03:00,45,9.0,3.0,2.5,3.0,405.0,1750.0,3075.5,0.57,38.88,77.77,2.16,400.0,123.0
13:10:00,19,12.0,3.5,3.0,3.0,228.0,1675.0,2394.0,0.69,88.15,176.3,1.14,450.0,112.0
13:22:00,30,11.0,3.0,3.0,3.0,330.0,1875.0,2970.0,0.63,62.5,125.0,1.78,430.0,114.0
13:29:00,18,8.0,3.0,2.5,3.0,144.0,750.0,1080.0,0.69,41.66,83.22,1.65,410.0,116.0
13:28:00,41,9.0,3.0,3.0,3.0,360.5,2200.0,3244.5,0.67,53.65,107.3,8.26,340.0,125.0
13:28:00,44,6.0,3.0,2.6,3.0,264.0,1250.0,2059.2,0.6,28.4,56.8,8.26,360.0,125.0
13:40:00,61,9.0,3.1,2.8,3.0,625.0,3500.0,5425.0,0.64,57.37,114.75,9.4,380.0,127.0
14:14:00,36,19.0,3.6,3.2,3.0,684.0,5400.0,7879.68,0.68,150.0,300.0,7.11,380.0,124.0
14:13:00,22,24.0,4.0,3.3,3.0,528.0,4400.0,6969.6,0.63,200.0,400.0,5.46,410.0,110.0
13:16:00,30,9.0,3.5,3.0,3.0,270.0,1700.0,2835.0,0.59,56.66,113.33,2.03,530.0,114.0
13:11:00,54,14.0,3.5,3.0,3.0,756.0,4050.0,7938.0,0.5,75.0,150.0,2.41,400.0,116.0
13:15:00,30,20.0,3.6,3.2,3.0,600.0,4700.0,6912.0,0.67,156.66,313.32,4.06,400.0,110.0
13:33:00,90,20.23,4.2,3.2,3.0,1815.0,12850.0,24393.0,0.52,142.77,285.55,7.87,300.0,124.0
13:29:00,51,13.14,3.2,3.0,3.0,702.0,3150.0,6739.2,0.46,61.76,123.52,8.51,370.0,133.0
13:13:00,35,9.0,3.6,3.2,3.0,490.0,2900.0,5644.8,0.51,75.0,150.0,1.52,460.0,106.0
13:13:00,61,12.13,3.6,3.2,3.0,774.0,4525.0,8916.48,0.5,74.18,148.36,13.3,390.0,130.0
13:13:00,40,13.14,3.6,3.2,3.0,532.0,3500.0,6128.64,0.57,87.5,175.0,7.75,380.0,126.0
13:17:00,38,9.0,3.6,3.2,3.0,805.0,5325.0,9273.6,0.57,140.13,280.26,6.35,370.0,124.0
13:12:00,25,26.3,3.8,3.3,3.0,674.0,5125.0,8451.96,0.59,205.0,410.0,7.11,450.0,121.0
13:10:00,54,8.9,3.0,2.5,3.0,472.0,2275.0,3540.0,0.64,42.12,84.25,2.41,620.0,117.8
13:12:00,21,9.0,3.0,3.0,2.8,95.5,425.0,859.5,0.49,20.23,40.47,2.41,600.0,117.8
13:14:00,43,9.0,3.0,2.8,2.8,233.0,700.0,1957.2,0.35,16.27,32.55,2.41,580.0,117.8
13:46:00,34,9.0,3.0,3.0,3.0,306.0,1561.11,2754.0,0.56,45.9,91.8,1.14,430.0,106.0
13:47:00,23,8.0,3.5,3.0,3.0,184.0,874.92,1932.0,0.45,38.04,76.08,1.02,400.0,116.0
13:16:00,20,15.0,3.6,3.2,3.0,300.0,1875.0,3456.0,0.54,93.75,187.5,1.52,450.0,110.0
13:06:00,16,4.5,2.5,2.5,2.8,64.0,150.0,400.0,0.37,9.41,18.82,3.18,240.0,125.0
13:09:00,131,9.0,3.2,2.8,3.0,826.0,2900.0,5465.0,0.53,22.13,44.27,1.14,590.0,106.0
13:36:00,33,9.0,3.8,3.2,3.0,714.78,5500.0,8691.72,0.63,166.66,166.66,7.49,510.0,110.0
13:10:00,27,7.5,3.5,3.0,3.0,202.5,1125.0,2126.25,0.52,41.66,83.32,0.762,510.0,100.0
13:34:00,87,9.0,3.6,3.2,3.0,1312.5,7600.0,15120.0,0.5,87.35,174.7,5.08,390.0,110.0
13:06:00,47,9.0,3.75,3.25,3.0,586.0,3450.0,7141.8,0.48,73.4,146.8,1.27,440.0,116.0
13:06:00,20,15.0,3.75,3.25,3.0,300.0,1800.0,3656.25,0.49,90.0,180.0,1.27,470.0,116.0
13:16:00,21,15.0,3.6,3.2,3.0,315.0,2150.0,3402.0,0.63,102.34,204.76,0.508,470.0,110.0
13:10:00,31,5.0,2.8,2.5,2.8,155.0,625.0,1085.0,0.57,20.16,40.32,3.43,410.0,119.0
13:04:00,58,9.0,3.0,3.0,3.0,506.9,2175.0,4562.1,0.47,37.5,75.0,5.21,470.0,125.0
13:17:00,33,19.21,3.6,3.2,3.0,685.0,4375.0,7891.2,0.55,132.57,265.14,6.35,430.0,122.0
13:38:00,53,14.16,3.5,3.0,3.0,782.0,5000.0,8211.0,0.6,94.34,188.68,3.81,480.0,112.0
13:39:00,43,14.15,3.6,3.2,3.0,628.0,3600.0,7234.56,0.49,83.72,167.44,2.54,380.0,116.0
13:40:00,53,21.22,3.6,3.2,3.0,1149.04,7225.0,13236.94,0.54,136.32,272.64,7.75,360.0,120.0
13:37:00,44,9.0,3.5,3.0,2.8,306.0,1700.0,3213.0,0.52,38.63,77.27,3.56,510.0,116.0
13:40:00,19,10.0,4.0,4.0,3.0,190.0,1109.22,2280.0,0.48,58.38,116.76,7.75,330.0,120.0
13:12:00,27,9.0,3.5,3.0,3.0,259.5,1275.0,2724.75,0.46,47.22,94.44,1.78,530.0,100.0
13:16:00,43,9.0,3.0,2.5,3.0,228.5,925.0,1713.75,0.53,21.51,43.02,0.635,430.0,110.0
13:11:00,38,8.0,3.0,2.5,3.0,304.0,1400.0,2280.0,0.61,36.84,73.68,4.7,370.0,124.0
13:10:00,14,9.1,3.5,3.0,3.0,132.0,750.0,1386.0,0.54,53.37,53.37,2.41,370.0,117.8
13:12:00,23,15.0,3.2,3.0,3.0,345.0,2275.0,3312.0,0.68,98.91,197.82,2.41,370.0,117.8
13:15:00,30,9.0,3.5,3.0,3.0,276.0,1600.0,2898.0,0.55,53.33,106.6,2.79,430.0,110.0
17:35:00,40,24.5,3.8,3.0,3.0,980.0,6700.0,11172.0,0.59,167.5,167.5,5.08,310.0,122.0
17:34:00,34,17.18,3.6,3.2,3.0,588.0,4275.0,6773.76,0.63,125.73,251.46,5.72,360.0,127.0
13:21:00,34,9.0,3.6,3.2,3.0,575.0,3825.0,6624.0,0.57,112.5,225.0,3.18,410.0,117.0
13:10:00,37,5.6,3.0,2.5,3.0,199.0,750.0,1492.5,0.5,20.27,40.54,0.635,450.0,100.0
13:16:00,23,12.0,3.2,3.0,3.0,276.0,1750.0,2649.6,0.66,76.08,152.16,3.18,350.0,100.0
17:05:00,36,6.0,3.0,3.0,3.0,216.0,1025.0,1944.0,0.52,28.47,56.94,1.4,420.0,110.0
13:17:00,36,12.15,3.6,3.2,3.0,513.0,3225.0,5910.0,0.53,89.58,179.16,27.4,150.0,119.0
16:57:00,19,12.0,4.0,3.0,3.0,228.0,1250.0,2736.0,0.45,65.78,131.56,3.18,330.0,125.0
17:04:00,34,5.7,3.2,2.5,3.0,220.0,1050.0,1737.0,0.6,30.88,30.88,1.14,350.0,121.0
13:15:00,54,9.0,3.0,3.0,3.0,486.0,2325.0,4374.0,0.53,43.05,86.1,2.79,200.0,116.0
17:00:00,21,25.0,4.0,3.5,3.0,525.0,3300.0,7350.0,0.44,157.14,314.28,5.72,340.0,135.0
16:59:00,23,20.0,3.6,3.2,3.0,460.0,3150.0,5299.2,0.59,136.95,273.9,1.27,380.0,100.0
17:24:00,20,20.0,3.6,3.2,3.0,400.0,2500.0,4608.0,0.54,125.0,250.0,3.94,300.0,120.0
16:49:00,53,15.0,3.6,3.2,3.0,795.0,4950.0,9158.4,0.54,93.39,186.78,3.18,400.0,106.0
17:21:00,45,9.1,3.5,3.0,3.0,426.0,2625.0,4473.0,0.58,58.33,116.66,9.4,280.0,128.0
17:23:00,24,8.0,3.5,3.0,3.0,192.0,1250.0,2016.0,0.62,52.08,104.16,13.7,230.0,131.0
17:23:00,9,5.0,2.8,2.5,3.0,45.0,125.0,315.0,0.39,13.88,13.88,13.7,235.0,131.0
13:19:00,18,18.5,3.6,3.2,3.0,333.0,2175.0,3836.0,0.56,120.84,241.68,4.32,360.0,128.0
13:16:00,59,9.0,3.0,3.0,3.0,593.0,2264.0,5337.0,0.42,38.88,77.76,3.18,370.0,120.0
13:15:00,40,9.0,3.0,3.0,3.0,354.0,1700.0,3186.0,0.53,42.5,85.0,3.68,360.0,116.0
13:17:00,47,9.0,3.25,2.75,3.0,375.0,2375.0,4048.0,0.58,50.0,100.0,3.05,380.0,123.0
13:35:00,14,19.0,3.6,3.2,3.0,380.0,2100.0,3064.32,0.68,150.0,300.0,2.16,395.0,118.0
13:19:00,25,9.0,3.5,3.0,3.0,238.0,1350.0,2499.0,0.54,54.0,54.0,6.73,280.0,122.0
13:08:00,17,15.0,3.0,3.0,4.0,255.0,1335.3,2295.0,0.58,78.42,78.42,2.41,370.0,117.8
13:18:00,30,9.0,3.5,3.0,3.0,270.0,1575.0,2835.0,0.55,52.5,105.0,2.54,370.0,106.0
13:25:00,68,25.0,4.0,3.2,3.0,1700.0,13386.67,21760.0,0.61,196.86,196.86,1.4,470.0,106.0
13:16:00,20,5.0,3.0,2.5,3.0,100.0,463.33,750.0,0.61,23.16,46.33,2.41,370.0,117.8
13:20:00,32,18.0,4.0,3.5,3.0,576.0,3250.0,8064.0,0.4,101.56,101.56,2.41,370.0,117.8
13:15:00,49,6.7,2.0,2.0,3.0,336.0,1125.0,1344.0,0.83,22.95,45.9,5.08,360.0,106.0
13:14:00,32,13.5,3.3,3.1,3.0,432.0,2375.0,4419.36,0.53,74.21,148.43,1.65,390.0,100.0
13:14:00,25,9.0,3.5,3.0,3.0,287.5,1350.0,3018.75,0.44,54.0,108.0,0.88,440.0,106.0
13:08:00,20,12.0,3.5,3.0,3.0,240.0,1250.0,2520.0,0.49,62.5,125.0,2.16,420.0,106.0
13:01:00,20,9.0,3.5,3.0,3.0,233.5,1250.0,2451.75,0.5,62.5,125.0,2.92,480.0,106.0
13:21:00,13,25.0,4.0,3.5,3.0,325.0,1813.18,4550.0,0.39,139.52,270.05,2.16,600.0,106.0
13:27:00,37,6.0,3.0,2.8,3.0,222.0,950.0,1864.8,0.5,25.67,51.34,1.91,370.0,120.0
13:28:00,46,9.0,3.8,3.4,3.0,656.0,3700.0,8475.52,0.43,80.93,160.86,1.78,350.0,116.0
13:36:00,41,20.0,3.6,3.2,3.0,820.0,5850.0,9446.4,0.61,142.68,285.36,2.41,390.0,124.0
13:13:00,60,9.0,3.0,3.0,3.0,436.0,2211.12,3924.0,0.56,36.83,73.7,2.54,410.0,118.0
13:27:00,33,6.0,3.2,2.8,2.0,198.0,925.0,1774.08,0.52,28.03,56.06,1.14,460.0,125.0
13:27:00,22,9.0,3.0,3.0,3.0,198.0,1250.0,2079.0,0.6,56.81,113.62,1.14,440.0,125.0
13:17:00,27,12.0,3.5,3.0,3.0,324.0,1850.0,3402.0,0.53,68.51,137.02,1.27,570.0,126.0
13:06:00,46,7.0,3.0,2.5,3.0,322.0,1500.0,2415.0,0.62,32.6,65.2,5.84,350.0,106.0
13:20:00,36,11.0,3.0,3.0,3.0,396.0,2050.0,3564.0,0.57,56.94,113.88,4.45,385.0,106.0
13:18:00,28,9.0,2.5,3.0,3.0,199.5,1050.0,1676.25,0.62,37.5,75.0,1.4,410.0,106.0
13:10:00,33,15.0,3.1,3.1,3.0,495.0,2500.0,4756.95,0.5,75.75,151.51,2.41,370.0,117.8
13:17:00,18,12.0,3.5,3.0,3.0,216.0,1150.0,2268.0,0.5,63.88,63.88,1.78,430.0,127.0
13:09:00,38,9.0,3.5,3.0,3.0,424.0,2675.0,4452.0,0.6,70.39,140.78,15.2,320.0,124.0
13:11:00,33,11.12,3.2,2.8,3.0,391.0,2575.0,3503.36,0.73,78.03,156.06,9.14,340.0,116.0
13:10:00,42,7.0,3.0,2.8,3.0,294.0,1625.0,2469.6,0.65,38.69,77.38,2.03,380.0,106.0
13:16:00,36,7.5,3.0,2.8,3.0,270.0,1425.0,2268.0,0.62,39.58,79.16,12.6,310.0,120.0
13:04:00,40,22.24,4.0,3.0,3.0,896.0,6250.0,10752.0,0.58,156.25,312.5,10.0,320.0,126.0
13:04:00,50,7.5,3.0,2.8,3.0,375.0,1900.0,3150.0,0.6,38.0,76.0,6.6,360.0,116.0
13:12:00,8,5.5,3.5,3.0,2.5,44.0,200.0,462.0,0.43,25.0,50.0,2.41,370.0,117.8
13:16:00,47,7.5,3.0,2.8,2.5,352.5,1950.0,2961.0,0.65,41.48,82.96,2.41,370.0,117.8
13:11:00,44,20.0,4.0,3.0,3.0,880.0,6375.0,10560.0,0.6,144.88,144.88,1.27,360.0,120.0
13:11:00,27,9.0,3.5,3.0,3.0,243.0,1500.0,2551.0,0.58,55.55,111.0,15.6,280.0,125.0
13:10:00,36,9.0,2.8,2.5,2.5,197.1,1050.0,1379.7,0.76,29.16,58.33,10.8,410.0,120.0
13:09:00,62,7.0,3.2,2.8,2.7,434.0,2250.0,3888.64,0.57,36.29,72.5,3.68,390.0,106.0
13:10:00,59,7.0,3.0,2.8,3.0,413.0,2275.0,3469.2,0.65,38.55,77.1,6.22,340.0,106.0
17:07:00,56,7.0,3.0,2.8,2.6,392.0,2183.34,3292.8,0.66,38.98,77.96,1.27,380.0,116.0
17:30:00,8,3.0,2.0,2.0,2.5,24.0,41.66,96.0,0.43,5.2,10.4,2.41,450.0,117.8
17:08:00,59,4.5,2.5,2.0,2.5,265.5,900.0,1327.5,0.67,15.25,30.5,5.97,360.0,134.0
13:32:00,42,9.0,3.5,3.0,3.0,556.0,3575.0,5838.0,0.61,85.11,170.22,1.02,430.0,120.0
13:19:00,49,9.0,3.0,3.0,3.0,441.0,2650.0,3969.0,0.66,54.08,108.16,9.91,290.0,123.0
13:31:00,45,14.0,3.3,3.1,3.0,630.0,4100.0,6444.9,0.63,91.11,182.22,2.54,410.0,116.0
13:05:00,123,10.5,3.5,3.0,3.0,1291.5,7050.0,13560.75,0.51,57.31,114.62,4.32,420.0,106.0
13:32:00,41,25.0,4.0,3.0,3.0,1025.0,7500.0,12300.0,0.6,182.92,182.92,7.37,370.0,129.0
13:06:00,92,9.0,3.2,2.8,3.0,844.0,3825.0,7562.24,0.54,44.82,89.64,4.45,380.0,112.0
13:08:00,36,9.0,3.5,3.0,3.0,459.0,2550.0,4819.5,0.52,70.83,70.83,6.1,360.0,128.0
13:09:00,25,16.0,3.3,3.1,3.0,400.0,2525.0,4092.0,0.61,101.0,101.0,4.7,410.0,106.0
13:23:00,48,9.0,3.8,3.2,3.0,1216.0,9000.0,14786.56,0.6,187.5,187.5,7.49,440.0,118.0
13:40:00,50,9.0,3.6,3.2,3.0,1011.6,5750.0,11653.63,0.49,115.0,230.0,3.3,420.0,129.0
13:37:00,88,6.5,3.0,2.8,3.0,572.0,2925.0,4804.8,0.6,33.23,66.46,10.7,340.0,125.0
13:38:00,30,9.0,3.0,2.8,3.0,207.0,900.0,1738.8,0.54,30.0,60.0,4.06,330.0,120.0
13:04:00,42,10.0,3.0,2.8,3.0,420.0,2325.0,3528.0,0.65,55.35,110.71,2.41,530.0,106.0
13:30:00,24,9.5,3.5,3.0,2.5,228.0,1250.0,2394.0,0.52,52.0,104.0,1.65,380.0,106.0
13:29:00,69,9.5,3.0,2.8,3.0,655.5,3250.0,5506.2,0.59,47.1,94.2,5.84,380.0,120.0
13:30:00,81,8.5,3.0,2.8,3.0,688.5,3750.0,5783.4,0.64,46.29,92.58,1.65,360.0,106.0
13:55:00,262,9.0,1.0,0.6,2.5,2882.0,15720.0,60500.0,0.25,60.0,540.0,2.41,370.0,117.8
13:30:00,24,11.0,3.0,3.0,3.0,264.0,1513.9,2376.0,0.63,63.07,63.07,5.84,205.0,122.0
13:37:00,42,9.0,3.3,3.1,2.8,651.0,3325.0,6659.73,0.49,79.16,158.33,1.27,380.0,106.0
13:19:00,107,9.0,3.0,2.8,3.0,779.5,4425.0,6547.8,0.67,41.35,82.7,15.7,310.0,110.0
13:21:00,31,6.0,3.3,2.8,2.8,186.0,775.0,1718.64,0.45,25.0,50.0,1.78,340.0,126.0
13:10:00,34,11.12,3.5,3.0,3.0,381.0,2050.0,4000.0,0.51,60.29,120.5,2.41,370.0,117.8
13:12:00,28,9.0,3.2,2.5,2.8,197.5,991.68,1580.0,0.62,35.41,70.82,2.41,370.0,117.8
13:15:00,50,7.0,3.2,3.0,3.0,350.0,1925.0,3360.0,0.57,38.5,77.0,2.41,370.0,117.8
13:20:00,29,4.6,2.8,2.5,3.0,162.0,500.0,1134.0,0.44,17.24,34.48,2.41,370.0,117.8
13:21:00,56,9.0,3.5,3.0,3.0,698.0,3900.0,7329.0,0.53,69.64,139.28,4.57,390.0,116.0
13:14:00,70,6.7,3.0,2.5,3.0,480.0,2500.0,3600.0,0.69,35.71,71.42,17.8,340.0,127.0
13:21:00,37,9.12,3.5,3.0,3.0,417.0,2600.0,4378.5,0.59,69.81,139.63,3.81,410.0,120.0
13:16:00,40,5.7,3.2,2.8,3.0,264.0,1375.0,2365.44,0.58,34.37,68.75,7.11,310.0,123.0
13:05:00,18,9.1,3.0,3.0,3.0,168.0,925.0,1512.0,0.61,51.38,102.76,2.41,660.0,117.8
13:42:00,61,20.5,3.5,3.3,3.0,1250.5,7775.0,14443.275,0.53,127.45,254.9,4.32,410.0,124.0
13:29:00,110,7.8,2.8,3.1,3.0,700.0,4400.0,6944.0,0.63,40.0,80.0,12.7,340.0,129.0
13:10:00,18,10.11,3.0,3.0,3.0,188.0,900.0,1692.0,0.53,50.0,100.0,2.41,660.0,117.8
13:32:00,45,25.0,3.8,3.2,3.0,1125.0,7450.0,13680.0,0.54,165.55,331.11,7.11,390.0,130.0
13:12:00,57,11.12,3.2,2.8,3.0,662.0,3300.0,5931.52,0.55,57.89,115.78,4.95,410.0,122.0
13:11:00,90,9.0,3.2,2.8,2.8,722.0,2650.0,6469.12,0.4,29.44,58.88,11.6,280.0,126.0
13:17:00,29,20.25,3.8,3.2,3.0,675.0,3550.0,8208.0,0.43,122.41,122.41,2.54,450.0,112.0
13:16:00,29,4.1,2.8,2.8,2.5,218.0,975.0,1764.0,0.55,33.62,67.24,1.52,440.0,118.0
13:10:00,27,10.0,3.5,3.0,3.0,270.0,1500.0,2835.0,0.52,55.55,111.1,6.48,260.0,124.0
13:20:00,16,9.0,3.0,2.8,3.0,128.0,500.0,1075.2,0.46,31.25,62.5,2.41,460.0,117.8
13:20:00,17,5.0,2.8,2.5,3.0,85.0,300.0,595.0,0.5,17.64,35.28,2.41,480.0,117.8
13:25:00,45,9.0,3.2,2.5,3.0,472.5,2735.42,3780.0,0.72,54.21,108.42,2.41,370.0,117.8
13:04:00,20,12.0,3.5,3.0,3.0,240.0,1250.0,2520.0,0.49,62.5,125.0,2.16,420.0,106.0
13:12:00,20,11.675,3.5,3.0,3.0,233.5,1250.0,2451.75,0.5,62.5,125.0,2.92,480.0,106.0
13:16:00,13,25.0,4.0,3.5,3.0,325.0,1813.18,4550.0,0.39,139.52,270.05,2.16,600.0,106.0
13:11:00,37,6.0,3.0,2.8,3.0,222.0,950.0,1864.8,0.5,25.67,51.34,1.91,370.0,120.0
13:11:00,46,14.26086957,3.8,3.4,3.0,656.0,3700.0,8475.52,0.43,80.93,160.86,1.78,350.0,116.0
13:10:00,41,20.0,3.6,3.2,3.0,820.0,5850.0,9446.4,0.61,142.68,285.36,2.41,390.0,124.0
13:09:00,60,7.266666667,3.0,3.0,3.0,436.0,2211.12,3924.0,0.56,36.83,73.7,2.54,410.0,118.0
13:10:00,33,6.0,3.2,2.8,2.0,198.0,925.0,1774.08,0.52,28.03,56.06,1.14,460.0,125.0
17:07:00,22,9.0,3.0,3.0,3.0,198.0,1250.0,2079.0,0.6,56.81,113.62,1.14,440.0,125.0
17:30:00,27,12.0,3.5,3.0,3.0,324.0,1850.0,3402.0,0.53,68.51,137.02,1.27,570.0,126.0
17:08:00,46,7.0,3.0,2.5,3.0,322.0,1500.0,2415.0,0.62,32.6,65.2,5.84,350.0,106.0
13:32:00,36,11.0,3.0,3.0,3.0,396.0,2050.0,3564.0,0.57,56.94,113.88,4.45,385.0,106.0
13:19:00,28,7.125,3.5,3.5,3.0,199.5,1050.0,1676.25,0.62,37.5,75.0,1.4,410.0,106.0
13:31:00,33,15.0,3.1,3.1,3.0,495.0,2500.0,4756.95,0.5,75.75,151.51,2.41,370.0,117.8
13:05:00,18,12.0,3.5,3.0,3.0,216.0,1150.0,2268.0,0.5,63.88,63.88,1.78,430.0,127.0
13:32:00,38,11.15789474,3.5,3.0,3.0,424.0,2675.0,4452.0,0.6,70.39,140.78,15.2,320.0,124.0
13:06:00,33,11.84848485,3.2,2.8,3.0,391.0,2575.0,3503.36,0.73,78.03,156.06,9.14,340.0,116.0
13:08:00,42,7.0,3.0,2.8,3.0,294.0,1625.0,2469.6,0.65,38.69,77.38,2.03,380.0,106.0
13:04:00,36,7.5,3.0,2.8,3.0,270.0,1425.0,2268.0,0.62,39.58,79.16,12.6,310.0,120.0
13:04:00,40,22.4,4.0,3.0,3.0,896.0,6250.0,10752.0,0.58,156.25,312.5,10.0,320.0,126.0
13:12:00,50,7.5,3.0,2.8,3.0,375.0,1900.0,3150.0,0.6,38.0,76.0,6.6,360.0,116.0
13:16:00,8,5.5,3.5,3.0,2.5,44.0,200.0,462.0,0.43,25.0,50.0,2.41,370.0,117.8
13:11:00,47,7.5,3.0,2.8,2.5,352.5,1950.0,2961.0,0.65,41.48,82.96,2.41,370.0,117.8
13:10:00,27,9.0,3.5,3.0,3.0,243.0,1500.0,2551.0,0.58,55.55,111.0,15.6,280.0,125.0
13:09:00,36,5.475,2.8,2.5,2.5,197.1,1050.0,1379.7,0.76,29.16,58.33,10.8,410.0,120.0
13:10:00,62,7.0,3.2,2.8,2.7,434.0,2250.0,3888.64,0.57,36.29,72.5,3.68,390.0,106.0
17:07:00,59,7.0,3.0,2.8,3.0,413.0,2275.0,3469.2,0.65,38.55,77.1,6.22,340.0,106.0
17:30:00,56,7.0,3.0,2.8,2.6,392.0,2183.34,3292.8,0.66,38.98,77.96,1.27,380.0,116.0
17:08:00,8,3.0,2.0,2.0,2.5,24.0,41.66,96.0,0.43,5.2,10.4,2.41,450.0,117.8
13:32:00,59,4.5,2.5,2.0,2.5,265.5,900.0,1327.5,0.67,15.25,30.5,5.97,360.0,134.0
13:19:00,42,13.23809524,3.5,3.0,3.0,556.0,3575.0,5838.0,0.61,85.11,170.22,1.02,430.0,120.0
13:31:00,49,9.0,3.0,3.0,3.0,441.0,2650.0,3969.0,0.66,54.08,108.16,9.91,290.0,123.0
13:05:00,45,14.0,3.3,3.1,3.0,630.0,4100.0,6444.9,0.63,91.11,182.22,2.54,410.0,116.0
13:32:00,123,10.5,3.5,3.0,3.0,1291.5,7050.0,13560.75,0.51,57.31,114.62,4.32,420.0,106.0
13:06:00,41,25.0,4.0,3.0,3.0,1025.0,7500.0,12300.0,0.6,182.92,182.92,7.37,370.0,129.0
13:08:00,92,9.173913043,3.2,2.8,3.0,844.0,3825.0,7562.24,0.54,44.82,89.64,4.45,380.0,112.0
13:04:00,36,12.75,3.5,3.0,3.0,459.0,2550.0,4819.5,0.52,70.83,70.83,6.1,360.0,128.0
13:04:00,25,16.0,3.3,3.1,3.0,400.0,2525.0,4092.0,0.61,101.0,101.0,4.7,410.0,106.0
13:12:00,48,25.33333333,3.8,3.2,3.0,1216.0,9000.0,14786.56,0.6,187.5,187.5,7.49,440.0,118.0
13:16:00,50,20.232,3.6,3.2,3.0,1011.6,5750.0,11653.63,0.49,115.0,230.0,3.3,420.0,129.0
13:11:00,88,6.5,3.0,2.8,3.0,572.0,2925.0,4804.8,0.6,33.23,66.46,10.7,340.0,125.0
13:11:00,30,6.9,3.0,2.8,3.0,207.0,900.0,1738.8,0.54,30.0,60.0,4.06,330.0,120.0
13:10:00,42,10.0,3.0,2.8,3.0,420.0,2325.0,3528.0,0.65,55.35,110.71,2.41,530.0,106.0
13:09:00,24,9.5,3.5,3.0,2.5,228.0,1250.0,2394.0,0.52,52.0,104.0,1.65,380.0,106.0
13:10:00,69,9.5,3.0,2.8,3.0,655.5,3250.0,5506.2,0.59,47.1,94.2,5.84,380.0,120.0
17:07:00,81,8.5,3.0,2.8,3.0,688.5,3750.0,5783.4,0.64,46.29,92.58,1.65,360.0,106.0
17:30:00,262,11.0,1.0,0.6,2.5,2882.0,15720.0,60500.0,0.25,60.0,540.0,2.41,370.0,117.8
17:08:00,24,11.0,3.0,3.0,3.0,264.0,1513.9,2376.0,0.63,63.07,63.07,5.84,205.0,122.0
13:32:00,42,15.5,3.3,3.1,2.8,651.0,3325.0,6659.73,0.49,79.16,158.33,1.27,380.0,106.0
13:19:00,107,7.285046729,3.0,2.8,3.0,779.5,4425.0,6547.8,0.67,41.35,82.7,15.7,310.0,110.0
13:31:00,31,6.0,3.3,2.8,2.8,186.0,775.0,1718.64,0.45,25.0,50.0,1.78,340.0,126.0
13:05:00,34,11.20588235,3.5,3.0,3.0,381.0,2050.0,4000.0,0.51,60.29,120.5,2.41,370.0,117.8
13:32:00,28,7.053571429,3.2,2.5,2.8,197.5,991.68,1580.0,0.62,35.41,70.82,2.41,370.0,117.8
13:06:00,50,7.0,3.2,3.0,3.0,350.0,1925.0,3360.0,0.57,38.5,77.0,2.41,370.0,117.8
13:08:00,29,5.586206897,2.8,2.5,3.0,162.0,500.0,1134.0,0.44,17.24,34.48,2.41,370.0,117.8
13:04:00,56,12.46428571,3.5,3.0,3.0,698.0,3900.0,7329.0,0.53,69.64,139.28,4.57,390.0,116.0
13:04:00,70,6.857142857,3.0,2.5,3.0,480.0,2500.0,3600.0,0.69,35.71,71.42,17.8,340.0,127.0
13:12:00,37,11.27027027,3.5,3.0,3.0,417.0,2600.0,4378.5,0.59,69.81,139.63,3.81,410.0,120.0
13:16:00,40,6.6,3.2,2.8,3.0,264.0,1375.0,2365.44,0.58,34.37,68.75,7.11,310.0,123.0
13:11:00,18,9.333333333,3.0,3.0,3.0,168.0,925.0,1512.0,0.61,51.38,102.76,2.41,660.0,117.8
13:11:00,61,20.5,3.5,3.3,3.0,1250.5,7775.0,14443.275,0.53,127.45,254.9,4.32,410.0,124.0
13:10:00,110,6.363636364,2.8,3.1,3.0,700.0,4400.0,6944.0,0.63,40.0,80.0,12.7,340.0,129.0
13:09:00,18,10.44444444,3.0,3.0,3.0,188.0,900.0,1692.0,0.53,50.0,100.0,2.41,660.0,117.8
13:10:00,45,25.0,3.8,3.2,3.0,1125.0,7450.0,13680.0,0.54,165.55,331.11,7.11,390.0,130.0
17:07:00,57,11.61403509,3.2,2.8,3.0,662.0,3300.0,5931.52,0.55,57.89,115.78,4.95,410.0,122.0
17:30:00,90,8.022222222,3.2,2.8,2.8,722.0,2650.0,6469.12,0.4,29.44,58.88,11.6,280.0,126.0
17:08:00,29,23.27586207,3.8,3.2,3.0,675.0,3550.0,8208.0,0.43,122.41,122.41,2.54,450.0,112.0
13:32:00,29,7.517241379,3.0,3.0,2.5,218.0,975.0,1764.0,0.55,33.62,67.24,1.52,440.0,118.0
13:19:00,27,10.0,3.5,3.0,3.0,270.0,1500.0,2835.0,0.52,55.55,111.1,6.48,260.0,124.0
13:15:00,28,14.0,3.5,3.0,3.0,392.0,3300.701053,4116.0,0.45,66.96,133.92,2.41,370.0,117.8
13:35:00,40,9.0,3.0,3.0,2.5,263.5,3355.688391,2371.5,0.52,31.25,62.5,2.41,370.0,117.8
13:20:00,35,19.0,4.0,3.0,3.0,665.0,3410.675729,7890.0,0.53,122.85,245.7,2.41,370.0,117.8
13:18:00,75,8.0,3.0,3.0,3.0,600.0,3465.663068,5400.0,0.55,40.0,80.0,2.41,370.0,117.8
13:05:00,33,10.13,3.0,3.0,3.0,393.0,3520.650406,3537.0,0.6,64.39,128.78,2.41,370.0,117.8
13:07:00,39,5.0,3.0,3.0,3.0,195.0,3575.637744,1755.0,0.37,16.66,33.33,2.41,370.0,117.8
13:10:00,46,7.6,3.5,3.0,3.0,349.6,3630.625083,3915.52,0.52,45.1,90.2,2.41,370.0,117.8
13:07:00,52,9.6,3.0,3.0,3.0,387.0,3685.612421,3483.0,0.55,37.01,74.03,400.0,0.889,117.8
13:08:00,30,10.11,3.0,3.0,3.0,310.0,3740.599759,2790.0,0.56,52.5,105.0,430.0,3.3,117.8
13:03:00,45,9.0,3.0,2.5,3.0,405.0,3795.587098,3075.5,0.57,38.88,77.77,400.0,2.16,117.8
13:10:00,19,12.0,3.5,3.0,3.0,228.0,3850.574436,2394.0,0.69,88.15,176.3,450.0,1.14,117.8
13:22:00,30,11.0,3.0,3.0,3.0,330.0,3905.561774,2970.0,0.63,62.5,125.0,430.0,1.78,117.8
13:29:00,18,8.0,3.0,2.5,3.0,144.0,3960.549113,1080.0,0.69,41.66,83.22,410.0,1.65,117.8
13:28:00,41,9.0,3.0,3.0,3.0,360.5,4015.536451,3244.5,0.67,53.65,107.3,340.0,8.26,117.8
13:28:00,44,6.0,3.0,2.6,3.0,264.0,4070.523789,2059.2,0.6,28.4,56.8,360.0,8.26,117.8
13:40:00,61,9.0,3.1,2.8,3.0,625.0,4125.511128,5425.0,0.64,57.37,114.75,380.0,9.4,117.8
14:14:00,36,19.0,3.6,3.2,3.0,684.0,4180.498466,7879.68,0.68,150.0,300.0,380.0,7.11,117.8
14:13:00,22,24.0,4.0,3.3,3.0,528.0,4235.485805,6969.6,0.63,200.0,400.0,410.0,5.46,117.8
13:16:00,30,9.0,3.5,3.0,3.0,270.0,4290.473143,2835.0,0.59,56.66,113.33,530.0,2.03,117.8
13:11:00,54,14.0,3.5,3.0,3.0,756.0,4345.460481,7938.0,0.5,75.0,150.0,400.0,2.41,117.8
13:15:00,30,20.0,3.6,3.2,3.0,600.0,4400.44782,6912.0,0.67,156.66,313.32,400.0,4.06,117.8
13:33:00,90,20.23,4.2,3.2,3.0,1815.0,4455.435158,24393.0,0.52,142.77,285.55,300.0,7.87,117.8
13:29:00,51,13.14,3.2,3.0,3.0,702.0,4510.422496,6739.2,0.46,61.76,123.52,370.0,8.51,117.8
13:13:00,35,9.0,3.6,3.2,3.0,490.0,4565.409835,5644.8,0.51,75.0,150.0,460.0,1.52,117.8
13:13:00,61,12.13,3.6,3.2,3.0,774.0,4620.397173,8916.48,0.5,74.18,148.36,390.0,13.3,117.8
13:13:00,40,13.14,3.6,3.2,3.0,532.0,4675.384511,6128.64,0.57,87.5,175.0,380.0,7.75,117.8
13:17:00,38,9.0,3.6,3.2,3.0,805.0,4730.37185,9273.6,0.57,140.13,280.26,370.0,6.35,117.8
13:12:00,25,26.3,3.8,3.3,3.0,674.0,4785.359188,8451.96,0.59,205.0,410.0,450.0,7.11,117.8
13:10:00,54,8.9,3.0,2.5,3.0,472.0,4840.346526,3540.0,0.64,42.12,84.25,620.0,370.0,117.8
13:12:00,21,9.0,3.0,3.0,2.8,95.5,4895.333865,859.5,0.49,20.23,40.47,600.0,370.0,117.8
13:14:00,43,9.0,3.0,2.8,2.8,233.0,4950.321203,1957.2,0.35,16.27,32.55,580.0,370.0,117.8
13:46:00,34,9.0,3.0,3.0,3.0,306.0,5005.308541,2754.0,0.56,45.9,91.8,430.0,1.14,117.8
13:47:00,23,8.0,3.5,3.0,3.0,184.0,5060.29588,1932.0,0.45,38.04,76.08,400.0,1.02,117.8
13:16:00,20,15.0,3.6,3.2,3.0,300.0,5115.283218,3456.0,0.54,93.75,187.5,450.0,1.52,117.8
13:06:00,16,4.5,2.5,2.5,2.8,64.0,5170.270556,400.0,0.37,9.41,18.82,240.0,3.18,117.8
13:09:00,131,9.0,3.2,2.8,3.0,826.0,5225.257895,5465.0,0.53,22.13,44.27,590.0,1.14,117.8
13:36:00,33,9.0,3.8,3.2,3.0,714714.78,5280.245233,8691.72,0.63,166.66,166.66,510.0,7.49,117.8
13:10:00,27,7.5,3.5,3.0,3.0,202.5,5335.232571,2126.25,0.52,41.66,83.32,510.0,0.762,117.8
13:34:00,87,9.0,3.6,3.2,3.0,1312.5,5390.21991,15120.0,0.5,87.35,174.7,390.0,5.08,117.8
13:06:00,47,9.0,3.75,3.25,3.0,586.0,5445.207248,7141.8,0.48,73.4,146.8,440.0,1.27,117.8
13:06:00,20,15.0,3.75,3.25,3.0,300.0,5500.194586,3656.25,0.49,90.0,180.0,470.0,1.27,117.8
13:16:00,21,15.0,3.6,3.2,3.0,315.0,5555.181925,3402.0,0.63,102.34,204.76,470.0,0.508,117.8
13:10:00,31,5.0,2.8,2.5,2.8,155.0,5610.169263,1085.0,0.57,20.16,40.32,410.0,3.43,117.8
13:04:00,58,9.0,3.0,3.0,3.0,506.9,5665.156602,4562.1,0.47,37.5,75.0,470.0,5.21,117.8
13:17:00,33,19.21,3.6,3.2,3.0,685.0,5720.14394,7891.2,0.55,132.57,265.14,430.0,6.35,117.8
13:38:00,53,14.16,3.5,3.0,3.0,782.0,5775.131278,8211.0,0.6,94.34,188.68,480.0,3.81,117.8
13:39:00,43,14.15,3.6,3.2,3.0,628.0,5830.118617,7234.56,0.49,83.72,167.44,380.0,2.54,117.8
13:40:00,53,21.22,3.6,3.2,3.0,1149.04,5885.105955,13236.94,0.54,136.32,272.64,360.0,7.75,117.8
13:37:00,44,9.0,3.5,3.0,2.8,306.0,5940.093293,3213.0,0.52,38.63,77.27,510.0,3.56,117.8
13:40:00,19,10.0,4.0,4.0,3.0,190.0,5995.080632,2280.0,0.48,58.38,116.76,330.0,7.75,117.8
13:12:00,27,9.0,3.5,3.0,3.0,259.5,6050.06797,2724.75,0.46,47.22,94.44,530.0,1.78,117.8
13:16:00,43,9.0,3.0,2.5,3.0,228.5,6105.055308,1713.75,0.53,21.51,43.02,430.0,0.635,117.8
13:11:00,38,8.0,3.0,2.5,3.0,304.0,6160.042647,2280.0,0.61,36.84,73.68,370.0,4.7,117.8
13:10:00,14,9.1,3.5,3.0,3.0,132.0,6215.029985,1386.0,0.54,53.37,53.37,2.41,370.0,117.8
13:12:00,23,15.0,3.2,3.0,3.0,345.0,6270.017323,3312.0,0.68,98.91,197.82,2.41,370.0,117.8
13:15:00,30,9.0,3.5,3.0,3.0,276.0,6325.004662,2898.0,0.55,53.33,106.6,430.0,2.79,117.8
17:35:00,40,24.5,3.8,3.0,3.0,980.0,6379.992,11172.0,0.59,167.5,167.5,310.0,5.08,117.8
17:34:00,34,17.18,3.6,3.2,3.0,588.0,6434.979338,6773.76,0.63,125.73,251.46,360.0,5.72,117.8
13:21:00,34,9.0,3.6,3.2,3.0,575.0,6489.966677,6624.0,0.57,112.5,225.0,410.0,3.18,117.8
13:10:00,37,5.6,3.0,2.5,3.0,199.0,6544.954015,1492.5,0.5,20.27,40.54,450.0,0.635,117.8
13:16:00,23,12.0,3.2,3.0,3.0,276.0,6599.941353,2649.6,0.66,76.08,152.16,350.0,3.18,117.8
17:05:00,36,6.0,3.0,3.0,3.0,216.0,6654.928692,1944.0,0.52,28.47,56.94,420.0,1.4,117.8
13:17:00,36,12.15,3.6,3.2,3.0,513.0,6709.91603,5910.0,0.53,89.58,179.16,150.0,27.4,117.8
16:57:00,19,12.0,4.0,3.0,3.0,228.0,6764.903368,2736.0,0.45,65.78,131.56,330.0,3.18,117.8
17:04:00,34,5.7,3.2,2.5,3.0,220.0,6819.890707,1737.0,0.6,30.88,30.88,350.0,1.14,117.8
13:15:00,54,9.0,3.0,3.0,3.0,486.0,6874.878045,4374.0,0.53,43.05,86.1,200.0,2.79,117.8
17:00:00,21,25.0,4.0,3.5,3.0,525.0,6929.865383,7350.0,0.44,157.14,314.28,340.0,5.72,117.8
16:59:00,23,20.0,3.6,3.2,3.0,460.0,6984.852722,5299.2,0.59,136.95,273.9,380.0,1.27,117.8
17:24:00,20,20.0,3.6,3.2,3.0,400.0,7039.84006,4608.0,0.54,125.0,250.0,300.0,3.94,117.8
16:49:00,53,15.0,3.6,3.2,3.0,795.0,7094.827398,9158.4,0.54,93.39,186.78,400.0,3.18,117.8
17:21:00,45,9.1,3.5,3.0,3.0,426.0,7149.814737,4473.0,0.58,58.33,116.66,280.0,9.4,117.8
17:23:00,24,8.0,3.5,3.0,3.0,192.0,7204.802075,2016.0,0.62,52.08,104.16,230.0,13.7,117.8
17:23:00,9,5.0,2.8,2.5,3.0,45.0,7259.789414,315.0,0.39,13.88,13.88,235.0,13.7,117.8
